operation	operationLabel	nbTools	frequence	IC	entropy
http://edamontology.org/operation_2436	Gene-set enrichment analysis	677	0.022872394337646543	5.450248791308026	0.12466023959307862
http://edamontology.org/operation_2495	Expression analysis	4365	0.14747119835129566	2.7614948763662204	0.4072409586586896
http://edamontology.org/operation_2945	Data analysis	24214	0.8180681779789858	0.2897070121929622	0.2370000876124324
http://edamontology.org/operation_0004	Operation	29599	1.0	-0.0	-0.0
http://edamontology.org/operation_3501	Enrichment analysis	1401	0.04733268015811345	4.401019574452205	0.20831205188714275
http://edamontology.org/operation_2238	Statistical calculation	3877	0.13098415487009696	2.9325357951318423	0.3841157227516522
http://edamontology.org/operation_3438	Calculation	6828	0.23068346903611608	2.1160134718552848	0.4881293282147331
http://edamontology.org/operation_3223	Differential gene expression profiling	782	0.026419811480117572	5.242236017575671	0.13849888731863153
http://edamontology.org/operation_0314	Gene expression profiling	1668	0.05635325517753978	4.149357241438359	0.2338297874495484
http://edamontology.org/operation_3463	Expression correlation analysis	426	0.014392378120882463	6.118551194657185	0.08806050234548332
http://edamontology.org/operation_0315	Expression profile comparison	715	0.02415622149396939	5.371461383217271	0.12975421091929962
http://edamontology.org/operation_3465	Correlation	464	0.01567620527720531	5.995279819755451	0.0939832371487729
http://edamontology.org/operation_0224	Query and retrieval	4114	0.13899118213453157	2.846934736358089	0.39569882446627175
http://edamontology.org/operation_2409	Data handling	8404	0.28392851109834794	1.816400368209977	0.5157278521043497
http://edamontology.org/operation_0292	Sequence alignment	984	0.0332443663637285	4.910746309543783	0.16325464943380122
http://edamontology.org/operation_2928	Alignment	1574	0.05317747221189905	4.233040989375537	0.2251024195843473
http://edamontology.org/operation_3429	Generation	3284	0.11094969424642724	3.172022403105218	0.3519349157673413
http://edamontology.org/operation_2403	Sequence analysis	13761	0.4649143552147032	1.1049631220799059	0.5137132174378048
http://edamontology.org/operation_2451	Sequence comparison	1497	0.050576032974086964	4.305402308824606	0.2177501691378234
http://edamontology.org/operation_2424	Comparison	2810	0.09493563971755803	3.396906399774734	0.3224874821232813
http://edamontology.org/operation_0346	Sequence similarity search	148	0.005000168924625832	7.643807449254073	0.038220328473583656
http://edamontology.org/operation_0338	Sequence database search	226	0.007635393087604311	7.033081852467835	0.05370034456088823
http://edamontology.org/operation_2421	Database search	1872	0.06324537991148349	3.9828960952996186	0.25189977669518854
http://edamontology.org/operation_0339	Structure database search	217	0.007331328761106795	7.091709582438543	0.05199165442714835
http://edamontology.org/operation_0496	Global alignment	75	0.0025338693874793067	8.624442124387143	0.02185320988307158
http://edamontology.org/operation_0495	Local alignment	121	0.004087975945133281	7.934397577608428	0.03243562643638703
http://edamontology.org/operation_0258	Sequence alignment analysis	167	0.005642082502787256	7.469556522408971	0.042143854158664076
http://edamontology.org/operation_0295	Structure alignment	147	0.004966383999459441	7.6535884700466585	0.038010659316086985
http://edamontology.org/operation_2480	Structure analysis	5410	0.182776445150174	2.4518479361688454	0.4481400498217323
http://edamontology.org/operation_2483	Structure comparison	311	0.010507111726747525	6.572490044752421	0.06905788722314952
http://edamontology.org/operation_3218	Sequencing quality control	485	0.01638568870569952	5.9314198778085325	0.09719039970056889
http://edamontology.org/operation_2478	Nucleic acid sequence analysis	8188	0.2766309672624075	1.8539654278596125	0.5128642495798678
http://edamontology.org/operation_2428	Validation	1392	0.04702861583161593	4.410317319034295	0.20741111889238617
http://edamontology.org/operation_3187	Sequence contamination filtering	25	0.0008446231291597689	10.209404625108299	0.008623099281317189
http://edamontology.org/operation_3192	Sequence trimming	609	0.02057501942633197	5.60296239697669	0.11528106016280294
http://edamontology.org/operation_0369	Sequence cutting	669	0.022602114936315417	5.467398414241562	0.12357476736131644
http://edamontology.org/operation_0231	Sequence editing	907	0.030642927125916417	5.0283020743545	0.1540818940315393
http://edamontology.org/operation_3096	Data editing	1393	0.04706240075678232	4.4092812722817705	0.2075113622854997
http://edamontology.org/operation_0233	Sequence conversion	81	0.0027365789384776514	8.513410811998398	0.023297620722722737
http://edamontology.org/operation_3434	Conversion	150	0.005067738774958613	7.624442124387142	0.03863868099118454
http://edamontology.org/operation_0371	DNA translation	29	0.0009797628298253318	9.995279819755451	0.009793003641099633
http://edamontology.org/operation_0372	DNA transcription	40	0.0013513970066556303	9.53133271999566	0.012880614507241003
http://edamontology.org/operation_2422	Data retrieval	1619	0.05469779384438663	4.192373544580457	0.2293135838601223
http://edamontology.org/operation_3908	Information retrieval	1626	0.05493428832055137	4.186149272807995	0.22996313110530087
http://edamontology.org/operation_0306	Text mining	2091	0.07064427852292307	3.8232834682934436	0.27009310220620936
http://edamontology.org/operation_2423	Prediction and recognition	10809	0.3651812561235177	1.4533153777350765	0.5307235351849199
http://edamontology.org/operation_2939	Principal component visualisation	289	0.009763843373086929	6.678335132382344	0.06520621822556497
http://edamontology.org/operation_0337	Visualisation	4926	0.16642454136964085	2.587059902384062	0.4305502577500554
http://edamontology.org/operation_3799	Quantification	1632	0.055136997871549714	4.180835472911527	0.23051871657122242
http://edamontology.org/operation_3891	Essential dynamics	1254	0.04236629615865401	4.5609391820809835	0.19323010014965214
http://edamontology.org/operation_0244	Simulation analysis	1479	0.04996790432109193	4.322854477783955	0.2160039789399125
http://edamontology.org/operation_0250	Protein property calculation	2475	0.08361768978681712	3.5800480050286887	0.2993553435064024
http://edamontology.org/operation_2481	Nucleic acid structure analysis	1742	0.058853339639852696	4.086731906284158	0.24051782089756424
http://edamontology.org/operation_3198	Read mapping	481	0.016250549005033955	5.943367731112981	0.09658298856938898
http://edamontology.org/operation_3921	Sequence read processing	1141	0.03854859961485185	4.697177738594341	0.1810696239648685
http://edamontology.org/operation_2944	Physical mapping	614	0.020743944052163923	5.5911659695128435	0.11598283405793729
http://edamontology.org/operation_2520	DNA mapping	1182	0.039933781546673874	4.6462464947054904	0.18554219253156828
http://edamontology.org/operation_2429	Mapping	2065	0.06976587046859692	3.841334748576215	0.2679940624956885
http://edamontology.org/operation_1781	Gene regulatory network analysis	270	0.009121929794925505	6.776445217832192	0.061814257536223924
http://edamontology.org/operation_3927	Network analysis	1787	0.060373661272340284	4.049936895841532	0.24450951832388995
http://edamontology.org/operation_3222	Peak calling	301	0.010169262475083618	6.6196411381233204	0.0673168682244373
http://edamontology.org/operation_0415	Nucleic acid feature detection	865	0.029223960268928005	5.096704492358936	0.14894588958716443
http://edamontology.org/operation_0227	Indexing	251	0.00848001621676408	6.881717260932251	0.05835707397189078
http://edamontology.org/operation_0335	Data formatting	537	0.018142504814351836	5.7844825368976105	0.10494500227419902
http://edamontology.org/operation_1812	Data parsing	519	0.017534376161356804	5.833670086525142	0.10228976569838674
http://edamontology.org/operation_3695	Data filtering	520	0.017568161086523194	5.830893001854569	0.10243806753486184
http://edamontology.org/operation_3802	Data sorting	206	0.006959694584276496	7.166760287699804	0.04987846276111219
http://edamontology.org/operation_3219	Read pre-processing	115	0.003885266394134937	8.007770763938648	0.031112322641067083
http://edamontology.org/operation_3237	Primer removal	68	0.0022973749113145716	8.765797973632683	0.020138324342275835
http://edamontology.org/operation_0523	Mapping assembly	70	0.002364944761647353	8.723977797938057	0.02063172559396142
http://edamontology.org/operation_0310	Sequence assembly	1747	0.05902226426568465	4.082596921966263	0.24096411441856352
http://edamontology.org/operation_0524	De-novo assembly	318	0.010743606202912261	6.540377859598667	0.07026724414177425
http://edamontology.org/operation_0525	Genome assembly	405	0.013682894692388257	6.191482717111036	0.08471740600797222
http://edamontology.org/operation_3918	Genome analysis	1354	0.04574478867529309	4.450248791308026	0.20357569051086416
http://edamontology.org/operation_3730	Cross-assembly	3	0.00010135477549917226	13.268298314161866	0.0013448053968879217
http://edamontology.org/operation_0362	Genome annotation	389	0.013142335889726004	6.249634469896831	0.08213479539139387
http://edamontology.org/operation_0361	Sequence annotation	851	0.028750971316598532	5.120245493197061	0.1472120313088516
http://edamontology.org/operation_0226	Annotation	1356	0.04581235852562587	4.448119351746679	0.20377883850699338
http://edamontology.org/operation_3227	Variant calling	1347	0.04550829419912835	4.45772667942072	0.20286353718638162
http://edamontology.org/operation_3197	Genetic variation analysis	3255	0.10996993141660191	3.184818986830025	0.35023432555598943
http://edamontology.org/operation_0491	Pairwise sequence alignment	157	0.005304233251123349	7.558640065991396	0.04009278997130475
http://edamontology.org/operation_0484	SNP detection	350	0.011824723808236764	6.402049703050694	0.07570246954517865
http://edamontology.org/operation_3798	Read binning	140	0.004729889523294706	7.723977797938057	0.03653356166462813
http://edamontology.org/operation_3180	Sequence assembly validation	61	0.002060880435149836	8.922523477320137	0.018388254066574152
http://edamontology.org/operation_3216	Scaffolding	469	0.015845129903037266	5.979816702367646	0.09475097244536729
http://edamontology.org/operation_3454	Phasing	478	0.016149194229534782	5.952394006902274	0.09612636694818363
http://edamontology.org/operation_3445	Diffraction data analysis	494	0.016689753032197035	5.904893583298345	0.09855121558665438
http://edamontology.org/operation_3472	k-mer counting	235	0.007939457414101828	6.976743868318023	0.05539156083160699
http://edamontology.org/operation_0236	Sequence composition calculation	302	0.010203047400250008	6.614856075557944	0.06749169008474945
http://edamontology.org/operation_3460	Taxonomic classification	296	0.010000337849251664	6.643807449254073	0.06644031909791566
http://edamontology.org/operation_2995	Sequence classification	596	0.02013581539916889	5.634092294420862	0.11344704238233837
http://edamontology.org/operation_2990	Classification	790	0.0266900908814487	5.227551971818557	0.13952383721533365
http://edamontology.org/operation_3933	Demultiplexing	98	0.003310922666306294	8.238550970767815	0.02727720514663488
http://edamontology.org/operation_3680	RNA-Seq analysis	335	0.011317949930740904	6.465243529537888	0.07317330255735642
http://edamontology.org/operation_2499	Splicing analysis	267	0.009020575019426331	6.792564883195469	0.06127284110318559
http://edamontology.org/operation_2426	Modelling and simulation	2167	0.07321193283556877	3.771777376789349	0.2761391119802196
http://edamontology.org/operation_2454	Gene prediction	1677	0.056657319504037296	4.141593841318676	0.2346516055235454
http://edamontology.org/operation_3431	Data deposition	920	0.031082131153079496	5.007770763938647	0.15565218766929814
http://edamontology.org/operation_3196	Genotyping	1731	0.0584817054630224	4.095870805516384	0.23953351006280146
http://edamontology.org/operation_2121	Sequence file editing	13	0.00043920402716307984	11.152821096741931	0.004898363939918413
http://edamontology.org/operation_3282	ID mapping	69	0.0023311598364809624	8.744736358104854	0.020385378178628837
http://edamontology.org/operation_3504	Variant pattern analysis	23	0.0007770532788269874	10.32969885882601	0.00802672636754614
http://edamontology.org/operation_3675	Variant filtering	99	0.0033447075914726848	8.223904194803414	0.027506554791903035
http://edamontology.org/operation_2479	Protein sequence analysis	3629	0.12260549342883205	3.0279044734036886	0.3712377220170271
http://edamontology.org/operation_2575	Binding site prediction	549	0.018547923916348526	5.752598475877824	0.10669875885188437
http://edamontology.org/operation_3092	Protein feature detection	2512	0.08486773201797358	3.558640065991396	0.3020137114689816
http://edamontology.org/operation_1777	Protein function prediction	2389	0.08071218622250752	3.6310696764266908	0.2930715719106512
http://edamontology.org/operation_3840	Multilocus sequence typing	80	0.0027027940133112606	8.53133271999566	0.023058435001170743
http://edamontology.org/operation_3283	Anonymisation	99	0.0033447075914726848	8.223904194803414	0.027506554791903035
http://edamontology.org/operation_3503	Incident curve plotting	113	0.0038176965438021554	8.033081852467836	0.030667868824246273
http://edamontology.org/operation_3436	Aggregation	748	0.025271124024460287	5.306366354995387	0.1340978422763117
http://edamontology.org/operation_0324	Phylogenetic analysis	924	0.03121727085374506	5.001511773466965	0.15613354771051305
http://edamontology.org/operation_0276	Protein interaction network analysis	133	0.004493395047129971	7.797978379381833	0.035039397427540926
http://edamontology.org/operation_2949	Protein-protein interaction analysis	594	0.02006824554883611	5.638941694082257	0.11316366655241261
http://edamontology.org/operation_0313	Expression profile clustering	244	0.008243521740599344	6.922523477320136	0.05706597278509792
http://edamontology.org/operation_3432	Clustering	1350	0.04560964897462752	4.4545171229448295	0.20316896232898138
http://edamontology.org/operation_3225	Variant classification	188	0.0063515659312814625	7.298671963205385	0.046357996185094515
http://edamontology.org/operation_2486	Topology diagram drawing	6	0.00020270955099834453	12.268298314161866	0.0024869012427774988
http://edamontology.org/operation_0570	Structure visualisation	360	0.012162573059900672	6.361407718553348	0.07737108614072115
http://edamontology.org/operation_0267	Protein secondary structure prediction	535	0.018074934964019056	5.789865733594514	0.10465144658512332
http://edamontology.org/operation_2416	Protein secondary structure analysis	595	0.0201020304740025	5.636514956687717	0.11330539542650736
http://edamontology.org/operation_2406	Protein structure analysis	2178	0.07358356701239907	3.764472576166116	0.277003320074658
http://edamontology.org/operation_0319	Protein secondary structure assignment	26	0.0008784080543261597	10.152821096741931	0.008918319825510666
http://edamontology.org/operation_0320	Protein structure assignment	113	0.0038176965438021554	8.033081852467836	0.030667868824246273
http://edamontology.org/operation_2488	Protein secondary structure comparison	112	0.0037839116186357646	8.045905892825418	0.030444996790312064
http://edamontology.org/operation_2997	Protein comparison	780	0.02635224162978479	5.2459305011334125	0.1382420281389257
http://edamontology.org/operation_3443	Image analysis	1135	0.038345890063853506	4.704784232704745	0.18040913896144753
http://edamontology.org/operation_3860	Spectrum calculation	113	0.0038176965438021554	8.033081852467836	0.030667868824246273
http://edamontology.org/operation_3214	Spectral analysis	1682	0.05682624412986925	4.137298824627878	0.23510715304652494
http://edamontology.org/operation_0468	Protein secondary structure prediction (helices)	24	0.0008108382039933781	10.268298314161866	0.008325928563123239
http://edamontology.org/operation_0470	Protein secondary structure prediction (coils)	60	0.0020270955099834453	8.946370219274504	0.018135146902140957
http://edamontology.org/operation_3435	Standardisation and normalisation	1960	0.06621845332612589	3.9166228758804524	0.25935270910252667
http://edamontology.org/operation_3557	Imputation	451	0.015237001250042232	6.036277191627642	0.09197476311443178
http://edamontology.org/operation_3936	Feature selection	176	0.005946146829284773	7.393829196245726	0.043964794031529704
http://edamontology.org/operation_3935	Dimensionality reduction	806	0.02723064968411095	5.198624786355055	0.14156193039637066
http://edamontology.org/operation_3937	Feature extraction	305	0.010304402175749182	6.6005953824327745	0.06801518941998028
http://edamontology.org/operation_0232	Sequence merging	97	0.003277137741139903	8.253347972695895	0.027047358132082224
http://edamontology.org/operation_3258	Transcriptome assembly	117	0.003952836244467718	7.982896095299618	0.03155508102132015
http://edamontology.org/operation_0430	CpG island and isochore detection	34	0.0011486874556572858	9.765797973632683	0.011217849626795205
http://edamontology.org/operation_3461	Virulence prediction	212	0.007162404135274841	7.125340360319823	0.05103456726199543
http://edamontology.org/operation_2942	Treemap visualisation	26	0.0008784080543261597	10.152821096741931	0.008918319825510666
http://edamontology.org/operation_0571	Expression data visualisation	268	0.009054359944592723	6.78717162442525	0.06145349489327231
http://edamontology.org/operation_0321	Protein structure validation	211	0.00712861921010845	7.132161626175837	0.05084246437795539
http://edamontology.org/operation_0480	Side chain modelling	128	0.004324470421298017	7.853260814883023	0.033961194104700394
http://edamontology.org/operation_0477	Protein modelling	677	0.022872394337646543	5.450248791308026	0.12466023959307862
http://edamontology.org/operation_0474	Protein structure prediction	1068	0.036082300077705326	4.792564883195469	0.1729267642573317
http://edamontology.org/operation_3208	Genome visualisation	272	0.009189499645258286	6.765797973632683	0.06217429807858677
http://edamontology.org/operation_0564	Sequence visualisation	539	0.018210074664684616	5.779119352130517	0.10523819489842051
http://edamontology.org/operation_3450	Neurite measurement	61	0.002060880435149836	8.922523477320137	0.018388254066574152
http://edamontology.org/operation_3629	Deisotoping	342	0.011554444406905638	6.435408299997125	0.0743575674380559
http://edamontology.org/operation_0531	Heat map generation	89	0.0030068583398087773	8.377527383916625	0.025190038081306113
http://edamontology.org/operation_2935	Clustering profile plotting	8	0.00027027940133112605	11.853260814883022	0.0032036922368682786
http://edamontology.org/operation_3563	RNA-seq read count analysis	41	0.001385181931822021	9.495708810264938	0.013153284273822173
http://edamontology.org/operation_2943	Box-Whisker plot plotting	36	0.0012162573059900672	9.68333581344071	0.011777427929452534
http://edamontology.org/operation_3232	Gene expression QTL analysis	140	0.004729889523294706	7.723977797938057	0.03653356166462813
http://edamontology.org/operation_3731	Sample comparison	54	0.001824385958985101	9.098373312719554	0.016598944521330313
http://edamontology.org/operation_0331	Variant effect prediction	269	0.009088144869759113	6.781798452326399	0.06163396681225045
http://edamontology.org/operation_3890	Trajectory visualization	60	0.0020270955099834453	8.946370219274504	0.018135146902140957
http://edamontology.org/operation_3552	Microscope image visualisation	117	0.003952836244467718	7.982896095299618	0.03155508102132015
http://edamontology.org/operation_2476	Molecular dynamics	477	0.016115409304368392	5.955415358877511	0.09597395608583308
http://edamontology.org/operation_3646	Peptide database search	164	0.005540727727288084	7.495708810264939	0.041531681640712526
http://edamontology.org/operation_3631	Peptide identification	664	0.02243319031048346	5.478221383536098	0.12289398285982531
http://edamontology.org/operation_0478	Molecular docking	786	0.026554951180783135	5.234875312624417	0.13901185836422825
http://edamontology.org/operation_3561	Database comparison	39	0.0013176120814892395	9.567858596020775	0.012606726080097646
http://edamontology.org/operation_2487	Protein structure comparison	74	0.002500084462312916	8.643807449254073	0.021610248699104745
http://edamontology.org/operation_0481	Loop modelling	61	0.002060880435149836	8.922523477320137	0.018388254066574152
http://edamontology.org/operation_0268	Protein super-secondary structure prediction	18	0.0006081286529950336	10.68333581344071	0.0064968426177213
http://edamontology.org/operation_0407	Protein hydrophobic moment plotting	11	0.0003716341768302983	11.393829196245726	0.0042343363342918
http://edamontology.org/operation_2574	Protein hydropathy calculation	84	0.0028379337139768234	8.460943392104262	0.02401159650450211
http://edamontology.org/operation_2492	Protein interaction prediction	368	0.012432852461231799	6.32969885882601	0.07869621203581106
http://edamontology.org/operation_0297	3D profile generation	18	0.0006081286529950336	10.68333581344071	0.0064968426177213
http://edamontology.org/operation_0245	Structural motif discovery	88	0.0029730734146423865	8.393829196245726	0.024955470430407238
http://edamontology.org/operation_0303	Fold recognition	470	0.015878914828203656	5.976743868318023	0.09490420683501033
http://edamontology.org/operation_3659	Regression analysis	1152	0.03892023379168215	4.683335813440711	0.18227652478407036
http://edamontology.org/operation_0264	Alternative splicing prediction	152	0.005135308625291395	7.605333301439438	0.03905573370109783
http://edamontology.org/operation_3800	RNA-Seq quantification	224	0.007567823237271529	7.045905892825419	0.053322170343352605
http://edamontology.org/operation_3755	PTM localisation	135	0.004560964897462752	7.776445217832192	0.03546809366557471
http://edamontology.org/operation_3645	PTM identification	190	0.006419135781614244	7.283405206552075	0.04675316697337391
http://edamontology.org/operation_3457	Single particle analysis	64	0.0021622352106490084	8.853260814883022	0.019142832262999204
http://edamontology.org/operation_3351	Molecular surface analysis	126	0.004256900570965235	7.875980891383106	0.03352726755344003
http://edamontology.org/operation_3666	Molecular surface comparison	12	0.00040541910199668905	11.268298314161866	0.004568383383558309
http://edamontology.org/operation_0278	RNA secondary structure prediction	237	0.00800702726443461	6.964517565984764	0.05576508203447377
http://edamontology.org/operation_0475	Nucleic acid structure prediction	418	0.014122098719551337	6.14590168280214	0.0867930302851885
http://edamontology.org/operation_2439	RNA secondary structure analysis	289	0.009763843373086929	6.678335132382344	0.06520621822556497
http://edamontology.org/operation_0502	RNA secondary structure alignment	113	0.0038176965438021554	8.033081852467836	0.030667868824246273
http://edamontology.org/operation_2441	RNA structure prediction	135	0.004560964897462752	7.776445217832192	0.03546809366557471
http://edamontology.org/operation_3553	Image annotation	189	0.006385350856447853	7.29101839066195	0.046555710525190336
http://edamontology.org/operation_0504	Multiple structure alignment	23	0.0007770532788269874	10.32969885882601	0.00802672636754614
http://edamontology.org/operation_3663	Homology-based gene prediction	81	0.0027365789384776514	8.513410811998398	0.023297620722722737
http://edamontology.org/operation_3767	Protein identification	238	0.008040812189601	6.958443051575079	0.05595153370974927
http://edamontology.org/operation_3625	Relation extraction	127	0.004290685496131626	7.8645761281108575	0.033744422726108274
http://edamontology.org/operation_4009	Small molecule design	647	0.021858846582654818	5.515638912890515	0.12056550480219477
http://edamontology.org/operation_2430	Design	1206	0.04074461975066725	4.617246622982938	0.1881279579484923
http://edamontology.org/operation_3350	Protein quaternary structure prediction	19	0.0006419135781614244	10.605333301439437	0.006807707447121501
http://edamontology.org/operation_0246	Protein domain recognition	44	0.0014865367073211933	9.393829196245726	0.013964271922524812
http://edamontology.org/operation_0248	Residue interaction calculation	162	0.005473157876955303	7.513410811998398	0.04112208356849017
http://edamontology.org/operation_0482	Protein-ligand docking	492	0.01662218318186425	5.910746309543783	0.09824950789876487
http://edamontology.org/operation_0448	Sequence alignment analysis (conservation)	48	0.0016216764079867562	9.268298314161866	0.015030180718259723
http://edamontology.org/operation_0322	Molecular model refinement	72	0.0024325146119801343	8.68333581344071	0.02112234124692493
http://edamontology.org/operation_2425	Optimisation and refinement	152	0.005135308625291395	7.605333301439438	0.03905573370109783
http://edamontology.org/operation_0360	Structural similarity search	62	0.002094665360316227	8.899064504496147	0.018640562156787766
http://edamontology.org/operation_2442	DNA structure prediction	20	0.0006756985033278152	10.53133271999566	0.007116005756948316
http://edamontology.org/operation_0279	Nucleic acid folding analysis	58	0.0019595256596506637	8.995279819755451	0.017626481622548602
http://edamontology.org/operation_3661	SNP annotation	138	0.004662319672961925	7.744736358104854	0.03610843668429575
http://edamontology.org/operation_0389	Protein-nucleic acid interaction analysis	164	0.005540727727288084	7.495708810264939	0.041531681640712526
http://edamontology.org/operation_0445	Transcription factor binding site prediction	209	0.007061049359775668	7.14590168280214	0.05045756450236993
http://edamontology.org/operation_0440	Promoter prediction	376	0.012703131862562925	6.298671963205385	0.0800128605076261
http://edamontology.org/operation_0438	Transcriptional regulatory element prediction	925	0.03125105577891145	4.9999512594793485	0.15625375570182767
http://edamontology.org/operation_0302	Protein threading	38	0.0012838271563228487	9.605333301439437	0.012331587737920152
http://edamontology.org/operation_0282	Genetic mapping	548	0.018514138991182136	5.755228731922496	0.10655310466885799
http://edamontology.org/operation_0283	Linkage analysis	653	0.022061556133653164	5.502321633336592	0.1213897775792694
http://edamontology.org/operation_0249	Protein geometry calculation	56	0.0018919558093178823	9.045905892825418	0.017114454204473915
http://edamontology.org/operation_0252	Peptide immunogenicity prediction	260	0.008784080543261597	6.830893001854569	0.06000311431069252
http://edamontology.org/operation_0416	Epitope mapping	226	0.007635393087604311	7.033081852467835	0.05370034456088823
http://edamontology.org/operation_0238	Sequence motif discovery	175	0.005912361904118382	7.402049703050694	0.043763596676707706
http://edamontology.org/operation_0253	Sequence feature detection	520	0.017568161086523194	5.830893001854569	0.10243806753486184
http://edamontology.org/operation_2404	Sequence motif analysis	404	0.013649109767221865	6.195049332131228	0.08455690834761365
http://edamontology.org/operation_0239	Sequence motif recognition	253	0.008547586067096862	6.870267240188713	0.05872420053946905
http://edamontology.org/operation_0240	Sequence motif comparison	36	0.0012162573059900672	9.68333581344071	0.011777427929452534
http://edamontology.org/operation_3766	Weighted correlation network analysis	139	0.0046961045981283155	7.734319742159515	0.03632117450454991
http://edamontology.org/operation_2937	Proximity map plotting	14	0.0004729889523294706	11.045905892825418	0.00522459145577742
http://edamontology.org/operation_3797	Rarefaction	25	0.0008446231291597689	10.209404625108299	0.008623099281317189
http://edamontology.org/operation_0463	miRNA target prediction	293	0.009898983073752492	6.6585039604607745	0.06591241800111514
http://edamontology.org/operation_0443	trans-regulatory element prediction	352	0.011892293658569546	6.393829196245726	0.07603729440448986
http://edamontology.org/operation_3792	miRNA expression analysis	251	0.00848001621676408	6.881717260932251	0.05835707397189078
http://edamontology.org/operation_0387	Molecular surface calculation	77	0.0026014392378120883	8.586474274188122	0.022337191091337052
http://edamontology.org/operation_0417	Post-translational modification site prediction	442	0.014932936923544714	6.065358255491591	0.09057361224795714
http://edamontology.org/operation_3565	RNA-seq time series data analysis	37	0.001250042231156458	9.643807449254073	0.01205516658070883
http://edamontology.org/operation_2489	Subcellular localisation prediction	231	0.007804317713436265	7.001511773466965	0.05464202235450079
http://edamontology.org/operation_3896	Active site prediction	16	0.0005405588026622521	10.853260814883022	0.005866825671074305
http://edamontology.org/operation_3897	Ligand-binding site prediction	24	0.0008108382039933781	10.268298314161866	0.008325928563123239
http://edamontology.org/operation_0291	Sequence clustering	123	0.004155545795466063	7.910746309543783	0.03287346856562334
http://edamontology.org/operation_3894	DNA profiling	22	0.0007432683536605966	10.393829196245726	0.0077254043149230026
http://edamontology.org/operation_3482	Antimicrobial resistance prediction	137	0.004628534747795534	7.755228731922496	0.03589534566280557
http://edamontology.org/operation_3267	Sequence coordinate conversion	7	0.0002364944761647353	12.045905892825418	0.002848790204053445
http://edamontology.org/operation_3741	Differential protein expression profiling	60	0.0020270955099834453	8.946370219274504	0.018135146902140957
http://edamontology.org/operation_0490	Dot plot plotting	51	0.0017230311834859286	9.180835472911527	0.015818865810280344
http://edamontology.org/operation_0288	Sequence word comparison	57	0.001925740734484273	9.02037080071828	0.017370895491095713
http://edamontology.org/operation_2940	Scatter plot plotting	121	0.004087975945133281	7.934397577608428	0.03243562643638703
http://edamontology.org/operation_3791	Collapsing methods	111	0.003750126693469374	8.058844948532917	0.030221689560024113
http://edamontology.org/operation_0308	PCR primer design	323	0.010912530828744214	6.517870460189098	0.07112646233457477
http://edamontology.org/operation_2419	Primer and probe design	379	0.012804486638062097	6.2872067767119315	0.08050445516314139
http://edamontology.org/operation_3095	Nucleic acid design	499	0.016858677658028988	5.890364809545762	0.09930376161232932
http://edamontology.org/operation_3899	Protein-protein docking	158	0.00533801817628974	7.54948006670592	0.04029926181761328
http://edamontology.org/operation_0533	Expression profile pathway mapping	143	0.004831244298793878	7.693389478104634	0.03716864405449382
http://edamontology.org/operation_3928	Pathway analysis	693	0.023412953140308793	5.416549272745809	0.1268174143049713
http://edamontology.org/operation_3658	Statistical inference	136	0.004594749822629143	7.765797973632683	0.03568189886192253
http://edamontology.org/operation_3627	Mass spectra calibration	72	0.0024325146119801343	8.68333581344071	0.02112234124692493
http://edamontology.org/operation_3803	Natural product identification	126	0.004256900570965235	7.875980891383106	0.03352726755344003
http://edamontology.org/operation_3778	Text annotation	133	0.004493395047129971	7.797978379381833	0.035039397427540926
http://edamontology.org/operation_3352	Ontology comparison	31	0.0010473326801581134	9.899064504496147	0.010367613758551997
http://edamontology.org/operation_2844	Structure clustering	19	0.0006419135781614244	10.605333301439437	0.006807707447121501
http://edamontology.org/operation_2938	Dendrogram visualisation	39	0.0013176120814892395	9.567858596020775	0.012606726080097646
http://edamontology.org/operation_3677	Differential binding analysis	8	0.00027027940133112605	11.853260814883022	0.0032036922368682786
http://edamontology.org/operation_3226	Variant prioritisation	254	0.008581370992263252	6.8645761281108575	0.0589074744599533
http://edamontology.org/operation_0476	Ab initio structure prediction	85	0.002871718639143214	8.443869878745321	0.02424841851729289
http://edamontology.org/operation_0336	Format validation	38	0.0012838271563228487	9.605333301439437	0.012331587737920152
http://edamontology.org/operation_0567	Phylogenetic tree visualisation	130	0.004392040271630798	7.830893001854569	0.034393597426977056
http://edamontology.org/operation_3715	Metabolic labeling	30	0.0010135477549917226	9.946370219274504	0.010081121206062202
http://edamontology.org/operation_3635	Labeled quantification	113	0.0038176965438021554	8.033081852467836	0.030667868824246273
http://edamontology.org/operation_3630	Protein quantification	236	0.007973242339268218	6.970617765521181	0.0555784246989087
http://edamontology.org/operation_3801	Spectral library search	61	0.002060880435149836	8.922523477320137	0.018388254066574152
http://edamontology.org/operation_3634	Label-free quantification	72	0.0024325146119801343	8.68333581344071	0.02112234124692493
http://edamontology.org/operation_3638	SILAC	31	0.0010473326801581134	9.899064504496147	0.010367613758551997
http://edamontology.org/operation_3639	iTRAQ	24	0.0008108382039933781	10.268298314161866	0.008325928563123239
http://edamontology.org/operation_0418	Protein signal peptide detection	108	0.003648771917970202	8.098373312719554	0.029549117124690424
http://edamontology.org/operation_2929	Protein fragment weight comparison	79	0.00266900908814487	8.54948006670592	0.02281863999695151
http://edamontology.org/operation_0398	Protein molecular weight calculation	93	0.0031419980404743405	8.314102003774991	0.02612289220416481
http://edamontology.org/operation_2930	Protein property comparison	86	0.002905503564309605	8.426996060180924	0.024484667089278673
http://edamontology.org/operation_2950	Residue distance calculation	81	0.0027365789384776514	8.513410811998398	0.023297620722722737
http://edamontology.org/operation_2464	Protein-protein binding site prediction	122	0.004121760870299672	7.922523477320136	0.03265474726284863
http://edamontology.org/operation_3903	DNA binding site prediction	26	0.0008784080543261597	10.152821096741931	0.008918319825510666
http://edamontology.org/operation_0420	Nucleic acids-binding site prediction	142	0.004797459373627487	7.703513695378341	0.03695729398776054
http://edamontology.org/operation_3359	Splitting	317	0.01070982127774587	6.544921784743615	0.07009494259142965
http://edamontology.org/operation_0323	Phylogenetic inference	593	0.020034460623669717	5.641372520337019	0.11302185562214441
http://edamontology.org/operation_3644	de Novo sequencing	157	0.005304233251123349	7.558640065991396	0.04009278997130475
http://edamontology.org/operation_0230	Sequence generation	376	0.012703131862562925	6.298671963205385	0.0800128605076261
http://edamontology.org/operation_3502	Chemical similarity enrichment	17	0.0005743437278286429	10.765797973632683	0.006183268541226245
http://edamontology.org/operation_0487	Haplotype mapping	294	0.009932767998918882	6.6535884700466585	0.0660885506332551
http://edamontology.org/operation_2415	Protein folding analysis	75	0.0025338693874793067	8.624442124387143	0.02185320988307158
http://edamontology.org/operation_3478	Phylogenetic reconstruction	206	0.006959694584276496	7.166760287699804	0.04987846276111219
http://edamontology.org/operation_0409	Protein solubility prediction	34	0.0011486874556572858	9.765797973632683	0.011217849626795205
http://edamontology.org/operation_3200	DNA barcoding	155	0.005236663400790567	7.577136409608785	0.03967891291899597
http://edamontology.org/operation_3182	Genome alignment	85	0.002871718639143214	8.443869878745321	0.02424841851729289
http://edamontology.org/operation_3209	Genome comparison	66	0.00222980506098179	8.80886669552457	0.01964205553919462
http://edamontology.org/operation_3204	Methylation analysis	308	0.010405756951248353	6.586474274188122	0.0685372504628515
http://edamontology.org/operation_3233	Copy number estimation	113	0.0038176965438021554	8.033081852467836	0.030667868824246273
http://edamontology.org/operation_3961	Copy number variation detection	180	0.006081286529950336	7.361407718553348	0.04476682960031091
http://edamontology.org/operation_3228	Structural variation detection	249	0.008412446366431299	6.8932588828149415	0.05798917064160683
http://edamontology.org/operation_0558	Phylogenetic tree annotation	56	0.0018919558093178823	9.045905892825418	0.017114454204473915
http://edamontology.org/operation_0309	Microarray probe design	27	0.0009121929794925505	10.098373312719554	0.009211665240157707
http://edamontology.org/operation_0272	Residue contact prediction	172	0.00581100712861921	7.426996060180925	0.04315832704993814
http://edamontology.org/operation_0394	Hydrogen bond calculation	44	0.0014865367073211933	9.393829196245726	0.013964271922524812
http://edamontology.org/operation_3672	Gene functional annotation	201	0.006790769958444542	7.202209123704094	0.04890854535168495
http://edamontology.org/operation_3199	Split read mapping	12	0.00040541910199668905	11.268298314161866	0.004568383383558309
http://edamontology.org/operation_3215	Peak detection	194	0.006554275482279806	7.253347972695895	0.047540440781884644
http://edamontology.org/operation_3564	Chemical redundancy removal	4	0.00013513970066556303	12.853260814883022	0.0017369858190997023
http://edamontology.org/operation_0410	Protein crystallizability prediction	7	0.0002364944761647353	12.045905892825418	0.002848790204053445
http://edamontology.org/operation_3280	Named-entity and concept recognition	148	0.005000168924625832	7.643807449254073	0.038220328473583656
http://edamontology.org/operation_3907	Information extraction	232	0.007838102638602655	6.995279819755451	0.0548297212129891
http://edamontology.org/operation_3211	Genome indexing	207	0.006993479509442887	7.159773857383698	0.05007173176385775
http://edamontology.org/operation_0488	Linkage disequilibrium calculation	77	0.0026014392378120883	8.586474274188122	0.022337191091337052
http://edamontology.org/operation_3761	Service discovery	27	0.0009121929794925505	10.098373312719554	0.009211665240157707
http://edamontology.org/operation_3760	Service management	154	0.0052028784756241765	7.586474274188122	0.039471503707049924
http://edamontology.org/operation_0451	Recombination detection	77	0.0026014392378120883	8.586474274188122	0.022337191091337052
http://edamontology.org/operation_3660	Metabolic network modelling	286	0.009662488597587756	6.693389478104634	0.06467479951139989
http://edamontology.org/operation_0435	Operon prediction	38	0.0012838271563228487	9.605333301439437	0.012331587737920152
http://edamontology.org/operation_2518	Nucleic acid structure comparison	28	0.0009459779046589412	10.045905892825418	0.0095032050068959
http://edamontology.org/operation_2998	Nucleic acid comparison	47	0.0015878914828203656	9.298671963205386	0.014765282011914361
http://edamontology.org/operation_3186	Bisulfite mapping	91	0.003074428190141559	8.345466174684327	0.025657536467322335
http://edamontology.org/operation_3206	Whole genome methylation analysis	40	0.0013513970066556303	9.53133271999566	0.012880614507241003
http://edamontology.org/operation_3207	Gene methylation analysis	89	0.0030068583398087773	8.377527383916625	0.025190038081306113
http://edamontology.org/operation_3195	Sequencing error detection	60	0.0020270955099834453	8.946370219274504	0.018135146902140957
http://edamontology.org/operation_0450	Chimera detection	25	0.0008446231291597689	10.209404625108299	0.008623099281317189
http://edamontology.org/operation_0326	Phylogenetic tree editing	106	0.0035812020676374203	8.125340360319823	0.029098485698635133
http://edamontology.org/operation_0262	Nucleic acid property calculation	85	0.002871718639143214	8.443869878745321	0.02424841851729289
http://edamontology.org/operation_3446	Cell migration analysis	34	0.0011486874556572858	9.765797973632683	0.011217849626795205
http://edamontology.org/operation_0327	Phylogenetic footprinting	24	0.0008108382039933781	10.268298314161866	0.008325928563123239
http://edamontology.org/operation_0441	cis-regulatory element prediction	63	0.0021284502854826176	8.875980891383106	0.018892084062202632
http://edamontology.org/operation_0284	Codon usage table generation	29	0.0009797628298253318	9.995279819755451	0.009793003641099633
http://edamontology.org/operation_0286	Codon usage analysis	139	0.0046961045981283155	7.734319742159515	0.03632117450454991
http://edamontology.org/operation_2962	Codon usage bias calculation	24	0.0008108382039933781	10.268298314161866	0.008325928563123239
http://edamontology.org/operation_2964	Codon usage fraction calculation	9	0.0003040643264975168	11.68333581344071	0.003552485635358167
http://edamontology.org/operation_0540	Phylogenetic inference (from molecular sequences)	25	0.0008446231291597689	10.209404625108299	0.008623099281317189
http://edamontology.org/operation_0538	Phylogenetic inference (data centric)	33	0.001114902530490895	9.80886669552457	0.010935930300088206
http://edamontology.org/operation_0557	Phylogenetic tree distances calculation	24	0.0008108382039933781	10.268298314161866	0.008325928563123239
http://edamontology.org/operation_0325	Phylogenetic tree comparison	129	0.004358255346464408	7.842033559459769	0.03417758468766885
http://edamontology.org/operation_3642	Stable isotope dimethyl labelling	26	0.0008784080543261597	10.152821096741931	0.008918319825510666
http://edamontology.org/operation_0300	Sequence profile alignment	33	0.001114902530490895	9.80886669552457	0.010935930300088206
http://edamontology.org/operation_0432	Nucleosome position prediction	23	0.0007770532788269874	10.32969885882601	0.00802672636754614
http://edamontology.org/operation_0446	Exonic splicing enhancer prediction	55	0.0018581708841514915	9.071901101358364	0.01685714249044596
http://edamontology.org/operation_2871	Sequence tagged site (STS) mapping	37	0.001250042231156458	9.643807449254073	0.01205516658070883
http://edamontology.org/operation_2233	Representative sequence identification	6	0.00020270955099834453	12.268298314161866	0.0024869012427774988
http://edamontology.org/operation_3559	Ontology visualisation	79	0.00266900908814487	8.54948006670592	0.02281863999695151
http://edamontology.org/operation_0452	Indel detection	97	0.003277137741139903	8.253347972695895	0.027047358132082224
http://edamontology.org/operation_3185	Base-calling	110	0.003716341768302983	8.071901101358364	0.02999794321258894
http://edamontology.org/operation_3637	Spectral counting	28	0.0009459779046589412	10.045905892825418	0.0095032050068959
http://edamontology.org/operation_3649	Target-Decoy	64	0.0021622352106490084	8.853260814883022	0.019142832262999204
http://edamontology.org/operation_0285	Codon usage table comparison	12	0.00040541910199668905	11.268298314161866	0.004568383383558309
http://edamontology.org/operation_0464	tRNA gene prediction	33	0.001114902530490895	9.80886669552457	0.010935930300088206
http://edamontology.org/operation_0526	EST assembly	23	0.0007770532788269874	10.32969885882601	0.00802672636754614
http://edamontology.org/operation_3745	Ancestral reconstruction	79	0.00266900908814487	8.54948006670592	0.02281863999695151
http://edamontology.org/operation_0384	Accessible surface calculation	32	0.0010811176053245042	9.853260814883022	0.010652533736824106
http://edamontology.org/operation_3357	Format detection	20	0.0006756985033278152	10.53133271999566	0.007116005756948316
http://edamontology.org/operation_0399	Protein extinction coefficient calculation	10	0.0003378492516639076	11.53133271999566	0.0038958521301380657
http://edamontology.org/operation_0436	Coding region prediction	106	0.0035812020676374203	8.125340360319823	0.029098485698635133
http://edamontology.org/operation_2996	Structure classification	63	0.0021284502854826176	8.875980891383106	0.018892084062202632
http://edamontology.org/operation_0552	Phylogenetic tree bootstrapping	36	0.0012162573059900672	9.68333581344071	0.011777427929452534
http://edamontology.org/operation_3184	Sequence assembly visualisation	34	0.0011486874556572858	9.765797973632683	0.011217849626795205
http://edamontology.org/operation_3795	In vitro selection	12	0.00040541910199668905	11.268298314161866	0.004568383383558309
http://edamontology.org/operation_3893	Forcefield parameterisation	54	0.001824385958985101	9.098373312719554	0.016598944521330313
http://edamontology.org/operation_0560	DNA vaccine design	41	0.001385181931822021	9.495708810264938	0.013153284273822173
http://edamontology.org/operation_2437	Gene regulatory network prediction	161	0.005439372951788912	7.522343936768406	0.04091683414371139
http://edamontology.org/operation_3664	Statistical modelling	83	0.0028041487888104326	8.478221383536098	0.02377419422390946
http://edamontology.org/operation_3901	RNA-binding protein prediction	120	0.0040541910199668905	7.946370219274504	0.032216102784315026
http://edamontology.org/operation_3904	Protein disorder prediction	90	0.003040643264975168	8.361407718553348	0.025424058065130622
http://edamontology.org/operation_3633	Retention time prediction	46	0.0015541065576539748	9.32969885882601	0.014499346177438307
http://edamontology.org/operation_0269	Transmembrane protein prediction	120	0.0040541910199668905	7.946370219274504	0.032216102784315026
http://edamontology.org/operation_0270	Transmembrane protein analysis	149	0.005033953849792223	7.634092294420862	0.038429668295169035
http://edamontology.org/operation_0469	Protein secondary structure prediction (turns)	12	0.00040541910199668905	11.268298314161866	0.004568383383558309
http://edamontology.org/operation_3902	RNA binding site prediction	65	0.002196020135815399	8.830893001854568	0.019392818849303925
http://edamontology.org/operation_0422	Protein cleavage site prediction	48	0.0016216764079867562	9.268298314161866	0.015030180718259723
http://edamontology.org/operation_0366	Protein sequence cleavage	22	0.0007432683536605966	10.393829196245726	0.0077254043149230026
http://edamontology.org/operation_3900	DNA-binding protein prediction	46	0.0015541065576539748	9.32969885882601	0.014499346177438307
http://edamontology.org/operation_0428	PolyA signal detection	38	0.0012838271563228487	9.605333301439437	0.012331587737920152
http://edamontology.org/operation_0492	Multiple sequence alignment	262	0.008851650393594378	6.819837813345573	0.060366820064750165
http://edamontology.org/operation_0433	Splice site prediction	101	0.0034122774418054664	8.195049332131228	0.027963781970514343
http://edamontology.org/operation_3230	Read depth analysis	21	0.0007094834284942058	10.460943392104262	0.00742186598311394
http://edamontology.org/operation_3929	Metabolic pathway prediction	142	0.004797459373627487	7.703513695378341	0.03695729398776054
http://edamontology.org/operation_0427	Transposon prediction	27	0.0009121929794925505	10.098373312719554	0.009211665240157707
http://edamontology.org/operation_3349	Bibliography generation	10	0.0003378492516639076	11.53133271999566	0.0038958521301380657
http://edamontology.org/operation_3632	Isotopic distributions calculation	32	0.0010811176053245042	9.853260814883022	0.010652533736824106
http://edamontology.org/operation_0547	Phylogenetic inference (maximum likelihood and Bayesian methods)	49	0.001655461333153147	9.238550970767815	0.015294063906470586
http://edamontology.org/operation_0539	Phylogenetic inference (method centric)	88	0.0029730734146423865	8.393829196245726	0.024955470430407238
http://edamontology.org/operation_0379	Repeat sequence detection	49	0.001655461333153147	9.238550970767815	0.015294063906470586
http://edamontology.org/operation_0237	Repeat sequence analysis	91	0.003074428190141559	8.345466174684327	0.025657536467322335
http://edamontology.org/operation_0483	RNA inverse folding	33	0.001114902530490895	9.80886669552457	0.010935930300088206
http://edamontology.org/operation_3279	Document clustering	9	0.0003040643264975168	11.68333581344071	0.003552485635358167
http://edamontology.org/operation_3437	Article comparison	15	0.0005067738774958613	10.946370219274504	0.005547334480526962
http://edamontology.org/operation_0503	Pairwise structure alignment	28	0.0009459779046589412	10.045905892825418	0.0095032050068959
http://edamontology.org/operation_0509	Local structure alignment	19	0.0006419135781614244	10.605333301439437	0.006807707447121501
http://edamontology.org/operation_0510	Global structure alignment	23	0.0007770532788269874	10.32969885882601	0.00802672636754614
http://edamontology.org/operation_3453	Diffraction data integration	14	0.0004729889523294706	11.045905892825418	0.00522459145577742
http://edamontology.org/operation_0551	Phylogenetic tree topology analysis	29	0.0009797628298253318	9.995279819755451	0.009793003641099633
http://edamontology.org/operation_0305	Literature search	92	0.0031082131153079497	8.32969885882601	0.025890479239568664
http://edamontology.org/operation_0479	Backbone modelling	130	0.004392040271630798	7.830893001854569	0.034393597426977056
http://edamontology.org/operation_1778	Protein function comparison	5	0.0001689246258319538	12.53133271999566	0.0021168506909009866
http://edamontology.org/operation_0499	Tree-based sequence alignment	36	0.0012162573059900672	9.68333581344071	0.011777427929452534
http://edamontology.org/operation_0544	Species tree construction	49	0.001655461333153147	9.238550970767815	0.015294063906470586
http://edamontology.org/operation_0546	Phylogenetic inference (minimum distance methods)	16	0.0005405588026622521	10.853260814883022	0.005866825671074305
http://edamontology.org/operation_3229	Exome assembly	10	0.0003378492516639076	11.53133271999566	0.0038958521301380657
http://edamontology.org/operation_0392	Contact map calculation	14	0.0004729889523294706	11.045905892825418	0.00522459145577742
http://edamontology.org/operation_0391	Protein distance matrix calculation	15	0.0005067738774958613	10.946370219274504	0.005547334480526962
http://edamontology.org/operation_0578	Plasmid map drawing	29	0.0009797628298253318	9.995279819755451	0.009793003641099633
http://edamontology.org/operation_0573	Map drawing	77	0.0026014392378120883	8.586474274188122	0.022337191091337052
http://edamontology.org/operation_3456	Rigid body refinement	8	0.00027027940133112605	11.853260814883022	0.0032036922368682786
http://edamontology.org/operation_3694	Mass spectrum visualisation	77	0.0026014392378120883	8.586474274188122	0.022337191091337052
http://edamontology.org/operation_3744	Multiple sample visualisation	34	0.0011486874556572858	9.765797973632683	0.011217849626795205
http://edamontology.org/operation_3458	Single particle alignment and classification	25	0.0008446231291597689	10.209404625108299	0.008623099281317189
http://edamontology.org/operation_3641	TMT-tag	7	0.0002364944761647353	12.045905892825418	0.002848790204053445
http://edamontology.org/operation_3705	Isotope-coded protein label	15	0.0005067738774958613	10.946370219274504	0.005547334480526962
http://edamontology.org/operation_3081	Sequence alignment editing	26	0.0008784080543261597	10.152821096741931	0.008918319825510666
http://edamontology.org/operation_0368	Sequence masking	18	0.0006081286529950336	10.68333581344071	0.0064968426177213
http://edamontology.org/operation_0455	Nucleic acid thermodynamic property calculation	40	0.0013513970066556303	9.53133271999566	0.012880614507241003
http://edamontology.org/operation_2241	Transmembrane protein visualisation	29	0.0009797628298253318	9.995279819755451	0.009793003641099633
http://edamontology.org/operation_3643	Tag-based peptide identification	48	0.0016216764079867562	9.268298314161866	0.015030180718259723
http://edamontology.org/operation_3647	Blind peptide database search	27	0.0009121929794925505	10.098373312719554	0.009211665240157707
http://edamontology.org/operation_0555	Consensus tree construction	20	0.0006756985033278152	10.53133271999566	0.007116005756948316
http://edamontology.org/operation_3480	Probabilistic data generation	16	0.0005405588026622521	10.853260814883022	0.005866825671074305
http://edamontology.org/operation_1816	Surface rendering	19	0.0006419135781614244	10.605333301439437	0.006807707447121501
http://edamontology.org/operation_3926	Pathway visualisation	71	0.0023987296868137435	8.70351369537834	0.020877376680694015
http://edamontology.org/operation_0543	Phylogenetic inference (from polymorphism data)	5	0.0001689246258319538	12.53133271999566	0.0021168506909009866
http://edamontology.org/operation_3938	Virtual screening	319	0.01077739112807865	6.535848201118154	0.0704393924171996
http://edamontology.org/operation_3762	Service composition	29	0.0009797628298253318	9.995279819755451	0.009793003641099633
http://edamontology.org/operation_3763	Service invocation	42	0.0014189668569884117	9.460943392104262	0.013424765109239466
http://edamontology.org/operation_0234	Sequence complexity calculation	6	0.00020270955099834453	12.268298314161866	0.0024869012427774988
http://edamontology.org/operation_0364	Random sequence generation	15	0.0005067738774958613	10.946370219274504	0.005547334480526962
http://edamontology.org/operation_3898	Metal-binding site prediction	17	0.0005743437278286429	10.765797973632683	0.006183268541226245
http://edamontology.org/operation_0349	Sequence database search (by property)	20	0.0006756985033278152	10.53133271999566	0.007116005756948316
http://edamontology.org/operation_3925	Network visualisation	250	0.008446231291597689	6.887476530220936	0.058173219789696744
http://edamontology.org/operation_0386	Protein dipole moment calculation	8	0.00027027940133112605	11.853260814883022	0.0032036922368682786
http://edamontology.org/operation_0307	Virtual PCR	18	0.0006081286529950336	10.68333581344071	0.0064968426177213
http://edamontology.org/operation_0290	Sequence redundancy removal	9	0.0003040643264975168	11.68333581344071	0.003552485635358167
http://edamontology.org/operation_0548	Phylogenetic inference (quartet methods)	8	0.00027027940133112605	11.853260814883022	0.0032036922368682786
http://edamontology.org/operation_3194	Genome feature comparison	26	0.0008784080543261597	10.152821096741931	0.008918319825510666
http://edamontology.org/operation_0256	Sequence feature comparison	50	0.0016892462583195378	9.209404625108299	0.01555695230431484
http://edamontology.org/operation_4034	Multiple testing correction	7	0.0002364944761647353	12.045905892825418	0.002848790204053445
http://edamontology.org/operation_3203	Chromatogram visualisation	47	0.0015878914828203656	9.298671963205386	0.014765282011914361
http://edamontology.org/operation_3628	Chromatographic alignment	28	0.0009459779046589412	10.045905892825418	0.0095032050068959
http://edamontology.org/operation_0553	Gene tree construction	70	0.002364944761647353	8.723977797938057	0.02063172559396142
http://edamontology.org/operation_3942	Tree dating	27	0.0009121929794925505	10.098373312719554	0.009211665240157707
http://edamontology.org/operation_1843	Residue packing validation	1	3.3784925166390757e-05	14.853260814883022	0.0005018163051077071
http://edamontology.org/operation_0545	Phylogenetic inference (parsimony methods)	15	0.0005067738774958613	10.946370219274504	0.005547334480526962
http://edamontology.org/operation_0363	Reverse complement	40	0.0013513970066556303	9.53133271999566	0.012880614507241003
http://edamontology.org/operation_0289	Sequence distance matrix generation	27	0.0009121929794925505	10.098373312719554	0.009211665240157707
http://edamontology.org/operation_0465	siRNA binding specificity prediction	15	0.0005067738774958613	10.946370219274504	0.005547334480526962
http://edamontology.org/operation_2008	siRNA duplex prediction	19	0.0006419135781614244	10.605333301439437	0.006807707447121501
http://edamontology.org/operation_1844	Protein geometry validation	13	0.00043920402716307984	11.152821096741931	0.004898363939918413
http://edamontology.org/operation_0554	Allele frequency distribution analysis	26	0.0008784080543261597	10.152821096741931	0.008918319825510666
http://edamontology.org/operation_0575	Restriction map drawing	6	0.00020270955099834453	12.268298314161866	0.0024869012427774988
http://edamontology.org/operation_2474	Protein architecture comparison	4	0.00013513970066556303	12.853260814883022	0.0017369858190997023
http://edamontology.org/operation_0247	Protein architecture analysis	29	0.0009797628298253318	9.995279819755451	0.009793003641099633
http://edamontology.org/operation_2475	Protein architecture recognition	18	0.0006081286529950336	10.68333581344071	0.0064968426177213
http://edamontology.org/operation_0334	Enzyme kinetics calculation	27	0.0009121929794925505	10.098373312719554	0.009211665240157707
http://edamontology.org/operation_0296	Sequence profile generation	22	0.0007432683536605966	10.393829196245726	0.0077254043149230026
http://edamontology.org/operation_0550	DNA substitution modelling	23	0.0007770532788269874	10.32969885882601	0.00802672636754614
http://edamontology.org/operation_3946	Ecological modelling	49	0.001655461333153147	9.238550970767815	0.015294063906470586
http://edamontology.org/operation_3963	Duplication detection	14	0.0004729889523294706	11.045905892825418	0.00522459145577742
http://edamontology.org/operation_3278	Document similarity calculation	6	0.00020270955099834453	12.268298314161866	0.0024869012427774988
http://edamontology.org/operation_0461	Nucleic acid curvature calculation	9	0.0003040643264975168	11.68333581344071	0.003552485635358167
http://edamontology.org/operation_3183	Localised reassembly	9	0.0003040643264975168	11.68333581344071	0.003552485635358167
http://edamontology.org/operation_0447	Sequence alignment validation	17	0.0005743437278286429	10.765797973632683	0.006183268541226245
http://edamontology.org/operation_3636	MRM/SRM	12	0.00040541910199668905	11.268298314161866	0.004568383383558309
http://edamontology.org/operation_0471	Disulfide bond prediction	11	0.0003716341768302983	11.393829196245726	0.0042343363342918
http://edamontology.org/operation_1850	Protein cysteine and disulfide bond assignment	25	0.0008446231291597689	10.209404625108299	0.008623099281317189
http://edamontology.org/operation_0408	Protein globularity prediction	17	0.0005743437278286429	10.765797973632683	0.006183268541226245
http://edamontology.org/operation_4008	Protein design	43	0.0014527517821548025	9.426996060180924	0.01369508532679414
http://edamontology.org/operation_0400	Protein pKa calculation	27	0.0009121929794925505	10.098373312719554	0.009211665240157707
http://edamontology.org/operation_1839	Salt bridge calculation	15	0.0005067738774958613	10.946370219274504	0.005547334480526962
http://edamontology.org/operation_3919	Methylation calling	53	0.0017906010338187102	9.125340360319823	0.016339843883136276
http://edamontology.org/operation_3960	Principal component analysis	63	0.0021284502854826176	8.875980891383106	0.018892084062202632
http://edamontology.org/operation_0527	Sequence tag mapping	27	0.0009121929794925505	10.098373312719554	0.009211665240157707
http://edamontology.org/operation_0579	Operon drawing	15	0.0005067738774958613	10.946370219274504	0.005547334480526962
http://edamontology.org/operation_3094	Protein interaction network prediction	87	0.0029392884894759957	8.410317319034295	0.02472034888867812
http://edamontology.org/operation_3920	DNA testing	26	0.0008784080543261597	10.152821096741931	0.008918319825510666
http://edamontology.org/operation_0265	Frameshift detection	8	0.00027027940133112605	11.853260814883022	0.0032036922368682786
http://edamontology.org/operation_3947	Phylogenetic tree reconciliation	33	0.001114902530490895	9.80886669552457	0.010935930300088206
http://edamontology.org/operation_2089	Sequence alignment refinement	10	0.0003378492516639076	11.53133271999566	0.0038958521301380657
http://edamontology.org/operation_3217	Scaffold gap completion	9	0.0003040643264975168	11.68333581344071	0.003552485635358167
http://edamontology.org/operation_0542	Phylogenetic inference (from gene frequencies)	2	6.756985033278151e-05	13.853260814883022	0.0009360627598826327
http://edamontology.org/operation_3221	Species frequency estimation	15	0.0005067738774958613	10.946370219274504	0.005547334480526962
http://edamontology.org/operation_4042	Data management planning	4	0.00013513970066556303	12.853260814883022	0.0017369858190997023
http://edamontology.org/operation_0260	Sequence alignment conversion	17	0.0005743437278286429	10.765797973632683	0.006183268541226245
http://edamontology.org/operation_3968	Adhesin prediction	5	0.0001689246258319538	12.53133271999566	0.0021168506909009866
http://edamontology.org/operation_3965	Amplification detection	9	0.0003040643264975168	11.68333581344071	0.003552485635358167
http://edamontology.org/operation_0365	Restriction digest	11	0.0003716341768302983	11.393829196245726	0.0042343363342918
http://edamontology.org/operation_0294	Structure-based sequence alignment	19	0.0006419135781614244	10.605333301439437	0.006807707447121501
http://edamontology.org/operation_0259	Sequence alignment comparison	15	0.0005067738774958613	10.946370219274504	0.005547334480526962
http://edamontology.org/operation_0287	Base position variability plotting	5	0.0001689246258319538	12.53133271999566	0.0021168506909009866
http://edamontology.org/operation_3080	Structure editing	6	0.00020270955099834453	12.268298314161866	0.0024869012427774988
http://edamontology.org/operation_3566	Simulated gene expression data generation	34	0.0011486874556572858	9.765797973632683	0.011217849626795205
http://edamontology.org/operation_3469	RNA structure covariance model generation	15	0.0005067738774958613	10.946370219274504	0.005547334480526962
http://edamontology.org/operation_3662	Ab-initio gene prediction	9	0.0003040643264975168	11.68333581344071	0.003552485635358167
http://edamontology.org/operation_0404	Protein hydrogen exchange rate calculation	8	0.00027027940133112605	11.853260814883022	0.0032036922368682786
http://edamontology.org/operation_3793	Read summarisation	9	0.0003040643264975168	11.68333581344071	0.003552485635358167
http://edamontology.org/operation_3459	Functional clustering	22	0.0007432683536605966	10.393829196245726	0.0077254043149230026
http://edamontology.org/operation_0444	S/MAR prediction	8	0.00027027940133112605	11.853260814883022	0.0032036922368682786
http://edamontology.org/operation_0403	Protein isoelectric point calculation	9	0.0003040643264975168	11.68333581344071	0.003552485635358167
http://edamontology.org/operation_0489	Genetic code prediction	10	0.0003378492516639076	11.53133271999566	0.0038958521301380657
http://edamontology.org/operation_3809	DMR identification	39	0.0013176120814892395	9.567858596020775	0.012606726080097646
http://edamontology.org/operation_0556	Phylogenetic sub/super tree construction	12	0.00040541910199668905	11.268298314161866	0.004568383383558309
http://edamontology.org/operation_3704	Ion counting	13	0.00043920402716307984	11.152821096741931	0.004898363939918413
http://edamontology.org/operation_1831	Metal-bound cysteine detection	11	0.0003716341768302983	11.393829196245726	0.0042343363342918
http://edamontology.org/operation_1834	Protein-metal contact calculation	5	0.0001689246258319538	12.53133271999566	0.0021168506909009866
http://edamontology.org/operation_3455	Molecular replacement	15	0.0005067738774958613	10.946370219274504	0.005547334480526962
http://edamontology.org/operation_0367	Sequence mutation and randomisation	14	0.0004729889523294706	11.045905892825418	0.00522459145577742
http://edamontology.org/operation_3481	Probabilistic sequence generation	8	0.00027027940133112605	11.853260814883022	0.0032036922368682786
http://edamontology.org/operation_3962	Deletion detection	9	0.0003040643264975168	11.68333581344071	0.003552485635358167
http://edamontology.org/operation_0393	Residue cluster calculation	8	0.00027027940133112605	11.853260814883022	0.0032036922368682786
http://edamontology.org/operation_0405	Protein hydrophobic region calculation	8	0.00027027940133112605	11.853260814883022	0.0032036922368682786
http://edamontology.org/operation_1830	Free cysteine detection	9	0.0003040643264975168	11.68333581344071	0.003552485635358167
http://edamontology.org/operation_0266	Vector sequence detection	6	0.00020270955099834453	12.268298314161866	0.0024869012427774988
http://edamontology.org/operation_0449	Sequence alignment analysis (site correlation)	12	0.00040541910199668905	11.268298314161866	0.004568383383558309
http://edamontology.org/operation_0566	Sequence cluster visualisation	9	0.0003040643264975168	11.68333581344071	0.003552485635358167
http://edamontology.org/operation_3964	Complex CNV detection	5	0.0001689246258319538	12.53133271999566	0.0021168506909009866
http://edamontology.org/operation_0390	Protein peeling	6	0.00020270955099834453	12.268298314161866	0.0024869012427774988
http://edamontology.org/operation_0235	Sequence ambiguity calculation	4	0.00013513970066556303	12.853260814883022	0.0017369858190997023
http://edamontology.org/operation_0458	Nucleic acid melting curve plotting	6	0.00020270955099834453	12.268298314161866	0.0024869012427774988
http://edamontology.org/operation_0456	Nucleic acid melting profile plotting	12	0.00040541910199668905	11.268298314161866	0.004568383383558309
http://edamontology.org/operation_4031	Power test	7	0.0002364944761647353	12.045905892825418	0.002848790204053445
http://edamontology.org/operation_2284	Nucleic acid density plotting	2	6.756985033278151e-05	13.853260814883022	0.0009360627598826327
http://edamontology.org/operation_1829	Cysteine bridge detection	2	6.756985033278151e-05	13.853260814883022	0.0009360627598826327
http://edamontology.org/operation_0457	Nucleic acid stitch profile plotting	2	6.756985033278151e-05	13.853260814883022	0.0009360627598826327
http://edamontology.org/operation_4043	Data digitisation	4	0.00013513970066556303	12.853260814883022	0.0017369858190997023
http://edamontology.org/operation_0460	Nucleic acid temperature profile plotting	6	0.00020270955099834453	12.268298314161866	0.0024869012427774988
http://edamontology.org/operation_0429	Quadruplex formation site detection	13	0.00043920402716307984	11.152821096741931	0.004898363939918413
http://edamontology.org/operation_0402	Protein titration curve plotting	2	6.756985033278151e-05	13.853260814883022	0.0009360627598826327
http://edamontology.org/operation_4033	Disease transmission analysis	3	0.00010135477549917226	13.268298314161866	0.0013448053968879217
http://edamontology.org/operation_0439	Translation initiation site prediction	6	0.00020270955099834453	12.268298314161866	0.0024869012427774988
http://edamontology.org/operation_3703	Reference identification	4	0.00013513970066556303	12.853260814883022	0.0017369858190997023
http://edamontology.org/operation_1836	Residue bump detection	1	3.3784925166390757e-05	14.853260814883022	0.0005018163051077071
http://edamontology.org/operation_3447	Diffraction data reduction	4	0.00013513970066556303	12.853260814883022	0.0017369858190997023
http://edamontology.org/operation_2239	3D-1D scoring matrix generation	2	6.756985033278151e-05	13.853260814883022	0.0009360627598826327
http://edamontology.org/operation_0380	Repeat sequence organisation analysis	10	0.0003378492516639076	11.53133271999566	0.0038958521301380657
http://edamontology.org/operation_4032	DNA modification prediction	1	3.3784925166390757e-05	14.853260814883022	0.0005018163051077071
http://edamontology.org/operation_0431	Restriction site recognition	10	0.0003378492516639076	11.53133271999566	0.0038958521301380657
http://edamontology.org/operation_0459	Nucleic acid probability profile plotting	1	3.3784925166390757e-05	14.853260814883022	0.0005018163051077071
http://edamontology.org/operation_2485	Helical wheel drawing	2	6.756985033278151e-05	13.853260814883022	0.0009360627598826327
http://edamontology.org/operation_3640	18O labeling	2	6.756985033278151e-05	13.853260814883022	0.0009360627598826327
http://edamontology.org/operation_0406	Protein aliphatic index calculation	1	3.3784925166390757e-05	14.853260814883022	0.0005018163051077071
http://edamontology.org/operation_0437	SECIS element prediction	2	6.756985033278151e-05	13.853260814883022	0.0009360627598826327
http://edamontology.org/operation_0485	Radiation Hybrid Mapping	1	3.3784925166390757e-05	14.853260814883022	0.0005018163051077071
http://edamontology.org/operation_3348	Sequence checksum generation	2	6.756985033278151e-05	13.853260814883022	0.0009360627598826327
http://edamontology.org/operation_3950	Selection detection	1	3.3784925166390757e-05	14.853260814883022	0.0005018163051077071
