topic	topicLabel	nbTools	frequence	IC	entropy
http://edamontology.org/topic_3053	Genetics	13171	0.42426877979641797	1.2369495743780692	0.524799086591082
http://edamontology.org/topic_3070	Biology	18846	0.6070738306919211	0.7200561110327764	0.4371272216377949
http://edamontology.org/topic_4019	Biosciences	28785	0.9272323154232702	0.10899724760199837	0.10106577026876444
http://edamontology.org/topic_0003	Topic	31044	1.0	-0.0	-0.0
http://edamontology.org/topic_0092	Data visualisation	634	0.02042262595026414	5.61368780926649	0.11464624633020727
http://edamontology.org/topic_3316	Computer science	5082	0.16370313103981446	2.610846179352542	0.4274036942233481
http://edamontology.org/topic_0203	Gene expression	6260	0.2016492720010308	2.3100798975859163	0.4658259296124158
http://edamontology.org/topic_3321	Molecular genetics	10829	0.34882747068676717	1.5194144358992574	0.530013494599699
http://edamontology.org/topic_3307	Computational biology	22416	0.7220718979512949	0.46978559897507915	0.3392189790821213
http://edamontology.org/topic_0091	Bioinformatics	730	0.023515010952196883	5.410274185638517	0.1272226567296778
http://edamontology.org/topic_0605	Informatics	2364	0.07614998067259374	3.715012519228365	0.2828981315376838
http://edamontology.org/topic_3071	Data management	3241	0.10440020615900013	3.2598035340880567	0.3403241609966303
http://edamontology.org/topic_0607	Laboratory information management	47	0.0015139801571962376	9.367437987728259	0.014182115237186838
http://edamontology.org/topic_2258	Cheminformatics	287	0.00924494266202809	6.757119912730209	0.06246918615363903
http://edamontology.org/topic_0080	Sequence analysis	6381	0.20554696559721686	2.2824600207240686	0.46915273135679303
http://edamontology.org/topic_3047	Molecular biology	433	0.013947944852467465	6.163803624679172	0.08597239303846416
http://edamontology.org/topic_0078	Proteins	6582	0.21202164669501353	2.237716528281548	0.4744443431629026
http://edamontology.org/topic_0632	Probes and primers	485	0.015622986728514367	6.000185902331407	0.09374082472074258
http://edamontology.org/topic_3489	Database management	288	0.009277155005798222	6.752101837963584	0.06264029536572324
http://edamontology.org/topic_3308	Transcriptomics	1679	0.05408452519005283	4.208640324468867	0.22762231364460853
http://edamontology.org/topic_0622	Genomics	7563	0.2436219559335137	2.0372839358262014	0.4963270972379062
http://edamontology.org/topic_3391	Omics	9991	0.32183352660739595	1.6356134700355511	0.5263952512281017
http://edamontology.org/topic_3170	RNA-Seq	2767	0.08913155521195722	3.4879199107959424	0.31088372610399345
http://edamontology.org/topic_3168	Sequencing	6383	0.2056113902847571	2.282007906950112	0.46920681838882117
http://edamontology.org/topic_3077	Data acquisition	11583	0.3731155778894472	1.4223054997428832	0.5306843384719049
http://edamontology.org/topic_0749	Transcription factors and regulatory sites	1628	0.05244169565777606	4.25314185513965	0.2230419707565826
http://edamontology.org/topic_3125	DNA binding sites	1742	0.05611390284757119	4.155497930807033	0.23318120717258894
http://edamontology.org/topic_0654	DNA	4518	0.1455353691534596	2.780558284012813	0.4046695763165149
http://edamontology.org/topic_0077	Nucleic acids	7798	0.2511918567194949	1.9931384000082615	0.5006601353969985
http://edamontology.org/topic_3511	Nucleic acid sites, features and motifs	1963	0.06323283082077052	3.983182381939726	0.25186789768546847
http://edamontology.org/topic_0160	Sequence sites, features and motifs	3012	0.09702357943563973	3.365520784733969	0.3265348731999328
http://edamontology.org/topic_0621	Model organisms	1427	0.04596701455997938	4.443257219930134	0.20424326932226197
http://edamontology.org/topic_3512	Gene transcripts	1839	0.05923850019327406	4.07732107499396	0.2415343852890701
http://edamontology.org/topic_0114	Gene structure	2955	0.09518747584074218	3.3930844243410023	0.32297914166755776
http://edamontology.org/topic_0099	RNA	3550	0.11435382038397114	3.1284235301264904	0.3577471824490736
http://edamontology.org/topic_0102	Mapping	1780	0.057337971910836234	4.124365313552137	0.23648274249847973
http://edamontology.org/topic_0602	Molecular interactions, pathways and networks	3868	0.12459734570287334	3.004654759929056	0.3743720078406645
http://edamontology.org/topic_3169	ChIP-seq	590	0.0190052828243783	5.717455695156693	0.10866186252230539
http://edamontology.org/topic_3656	Immunoprecipitation experiment	963	0.031020487050637806	5.010634851562438	0.15543233352836708
http://edamontology.org/topic_3325	Rare diseases	283	0.009116093286947558	6.777368596574015	0.061783124366397574
http://edamontology.org/topic_0634	Pathology	2015	0.06490787269681741	3.9454627159905677	0.25609159169955525
http://edamontology.org/topic_3303	Medicine	5625	0.18119443370699653	2.4643894584141353	0.44653365235084114
http://edamontology.org/topic_0196	Sequence assembly	1280	0.04123180002576988	4.600098744518535	0.1896703515327833
http://edamontology.org/topic_3174	Metagenomics	997	0.03211570673882232	4.960577145007702	0.15931244084437182
http://edamontology.org/topic_0610	Ecology	1617	0.0520873598763046	4.262922875932236	0.22204439796361375
http://edamontology.org/topic_3855	Environmental sciences	1657	0.05337585362710991	4.2276689521844455	0.22565543917567407
http://edamontology.org/topic_3673	Whole genome sequencing	608	0.01958510501224069	5.674099325962311	0.11112783114885598
http://edamontology.org/topic_0199	Genetic variation	3046	0.09811879912382425	3.349326612918605	0.32863190513303925
http://edamontology.org/topic_3794	RNA immunoprecipitation	131	0.004219817033887386	7.888603837868446	0.03328846484862667
http://edamontology.org/topic_2885	DNA polymorphism	1256	0.04045870377528669	4.62740609051427	0.18721885226407434
http://edamontology.org/topic_3837	Metagenomic sequencing	170	0.005476098440922562	7.512635903268196	0.041139933757105826
http://edamontology.org/topic_0194	Phylogenomics	201	0.006474681097796676	7.270975148226968	0.04707724535477453
http://edamontology.org/topic_3572	Data quality management	228	0.007344414379590259	7.089136825241155	0.05206555843818398
http://edamontology.org/topic_3301	Microbiology	838	0.026993944079371213	5.211220405706546	0.14067139221692065
http://edamontology.org/topic_3474	Machine learning	3538	0.11396727225872955	3.133308506715439	0.35709462365543176
http://edamontology.org/topic_3697	Microbial ecology	549	0.01768457672980286	5.821364500400699	0.10294836717948665
http://edamontology.org/topic_0780	Plant biology	962	0.03098827470686767	5.012133755635856	0.15531737768720827
http://edamontology.org/topic_3941	Metatranscriptomics	73	0.0023515010952196882	8.73220228052588	0.020533783226336467
http://edamontology.org/topic_3365	Data architecture, analysis and design	111	0.0035755701584847316	8.127610973055791	0.02906084325503134
http://edamontology.org/topic_0625	Genotype and phenotype	2114	0.06809689473006056	3.8762671780232143	0.26396175796743576
http://edamontology.org/topic_3473	Data mining	304	0.009792552506120345	6.674099325962311	0.06535646808054833
http://edamontology.org/topic_3345	Data identity and mapping	43	0.0013851307821157067	9.495762084703799	0.013152872363170446
http://edamontology.org/topic_0769	Workflows	1800	0.05798221878623889	4.10824564818886	0.2382051980009003
http://edamontology.org/topic_3577	Personalised medicine	311	0.010018038912511275	6.641256069275294	0.06653236172995157
http://edamontology.org/topic_3676	Exome sequencing	403	0.012981574539363484	6.26739081087793	0.0813606009787336
http://edamontology.org/topic_0593	NMR	336	0.010823347506764593	6.529709416627137	0.0706733141343486
http://edamontology.org/topic_1317	Structural biology	771	0.024835717046772322	5.3314397894908625	0.13241013006369845
http://edamontology.org/topic_3382	Imaging	3022	0.09734570287334106	3.3607388942410683	0.3271534898336718
http://edamontology.org/topic_3534	Protein binding sites	277	0.008922819224326762	6.808284673356709	0.06074909336811649
http://edamontology.org/topic_3510	Protein sites, features and motifs	510	0.016428295322767683	5.92767340254704	0.09738156923395792
http://edamontology.org/topic_2229	Cell biology	1447	0.04661126143538204	4.4231776328741725	0.20616988902103234
http://edamontology.org/topic_0659	Functional, regulatory and non-coding RNA	1386	0.04464630846540394	4.485315297268683	0.2002527703264526
http://edamontology.org/topic_0637	Taxonomy	348	0.011209895632006184	6.479083343557169	0.07262984807234553
http://edamontology.org/topic_3299	Evolutionary biology	1926	0.06204097410127561	4.010634851562438	0.24882369295545856
http://edamontology.org/topic_3305	Public health and epidemiology	557	0.017942275479963923	5.800493322065865	0.10407404910419685
http://edamontology.org/topic_3344	Biomedical science	3735	0.1203131039814457	3.0551343117292977	0.3675726921243695
http://edamontology.org/topic_3324	Infectious disease	302	0.00972812781858008	6.683622100080818	0.06501913008067282
http://edamontology.org/topic_2640	Oncology	1794	0.05778894472361809	4.113062664486636	0.23768955096279554
http://edamontology.org/topic_3175	Structural variation	301	0.009695915474809948	6.688407162646195	0.06485023051013093
http://edamontology.org/topic_0736	Protein folds and structural domains	628	0.020229351887643344	5.62740609051427	0.11383877801968051
http://edamontology.org/topic_2814	Protein structure analysis	1705	0.05492204612807628	4.186470815494363	0.2299295432424265
http://edamontology.org/topic_0081	Structure analysis	5625	0.18119443370699653	2.4643894584141353	0.44653365235084114
http://edamontology.org/topic_0166	Protein structural motifs and surfaces	377	0.012144053601340033	6.363606126137233	0.07727997389362637
http://edamontology.org/topic_3542	Protein secondary structure	187	0.006023708285014817	7.37513237951826	0.04442564601758519
http://edamontology.org/topic_3520	Proteomics experiment	1137	0.036625434866640896	4.771010300513649	0.17474032700953546
http://edamontology.org/topic_2815	Human biology	249	0.008020873598763046	6.962024907337816	0.05584152177319663
http://edamontology.org/topic_3318	Physics	495	0.015945110166215692	5.970742124438925	0.0952041409482434
http://edamontology.org/topic_0204	Gene regulation	359	0.011564231413477644	6.434186805582846	0.07440642517730453
http://edamontology.org/topic_0154	Small molecules	2852	0.0918696044324185	3.444268572962009	0.3164235913570303
http://edamontology.org/topic_0121	Proteomics	1951	0.06284628269552893	3.9920287767968707	0.25088416903526267
http://edamontology.org/topic_0623	Gene and protein families	901	0.029023321736889575	5.106643543592359	0.1482117585612909
http://edamontology.org/topic_0082	Structure prediction	1806	0.058175492848859686	4.103444661925039	0.23871991558551156
http://edamontology.org/topic_0219	Data curation and archival	277	0.008922819224326762	6.808284673356709	0.06074909336811649
http://edamontology.org/topic_0108	Protein expression	880	0.02834686251771679	5.1406671258812375	0.14572178426670176
http://edamontology.org/topic_0611	Electron microscopy	185	0.005959283597474553	7.390645378889585	0.0440429517811678
http://edamontology.org/topic_3314	Chemistry	1474	0.04748099471717562	4.396506030310827	0.20875047959921916
http://edamontology.org/topic_0798	Mobile genetic elements	152	0.004896276253060172	7.674099325962311	0.03757451029333434
http://edamontology.org/topic_3320	RNA splicing	367	0.011821930163638706	6.402390586562684	0.07568861439468191
http://edamontology.org/topic_2269	Statistics and probability	1367	0.04403427393377142	4.505229311799837	0.19838450165025054
http://edamontology.org/topic_3315	Mathematics	1906	0.06139672722587296	4.025694435495955	0.2471644631508598
http://edamontology.org/topic_3176	DNA packaging	48	0.0015461925009663702	9.33706433868474	0.014436898861514866
http://edamontology.org/topic_3300	Physiology	262	0.008439634067774772	6.888603837868446	0.05813729562947858
http://edamontology.org/topic_3335	Cardiology	125	0.004026542971266589	7.9562425547438105	0.03203615253649582
http://edamontology.org/topic_3295	Epigenetics	1163	0.03746295580466435	4.7383914579326785	0.177514149773731
http://edamontology.org/topic_3173	Epigenomics	402	0.012949362195593351	6.270975148226968	0.08120512851395571
http://edamontology.org/topic_0122	Structural genomics	33	0.0010630073444143795	9.877632720047444	0.010499996126838218
http://edamontology.org/topic_3421	Surgery	164	0.005282824378301765	7.564474834787814	0.03996179206626728
http://edamontology.org/topic_3384	Medical imaging	549	0.01768457672980286	5.821364500400699	0.10294836717948665
http://edamontology.org/topic_0176	Molecular dynamics	375	0.012079628913799769	6.3712800540226535	0.0769626987584878
http://edamontology.org/topic_3892	Biomolecular simulation	412	0.013271485633294678	6.235526312222679	0.08275469786869423
http://edamontology.org/topic_3517	GWAS study	655	0.02109908516943693	5.566675742981085	0.1174517656117965
http://edamontology.org/topic_3678	Experimental design and studies	1229	0.03958897049349311	4.658757639033236	0.18443541870802238
http://edamontology.org/topic_3304	Neurobiology	394	0.012691663445432289	6.299975019949521	0.07995716266782989
http://edamontology.org/topic_2275	Molecular modelling	784	0.02525447751578405	5.307316995290689	0.13403351772670727
http://edamontology.org/topic_3383	Bioimaging	111	0.0035755701584847316	8.127610973055791	0.02906084325503134
http://edamontology.org/topic_3306	Biophysics	231	0.007441051410900657	7.0702777979898395	0.05261030058419189
http://edamontology.org/topic_3444	MRI	398	0.01282051282051282	6.285402218862249	0.08058207972900319
http://edamontology.org/topic_3452	Tomography	317	0.01021131297513207	6.61368780926649	0.06753443614023572
http://edamontology.org/topic_0097	Nucleic acid structure analysis	514	0.016557144697848216	5.916402290212019	0.09795872880972097
http://edamontology.org/topic_0157	Sequence composition, complexity and repeats	206	0.006635742816647339	7.235526312222679	0.048013091750994455
http://edamontology.org/topic_0821	Enzymes	320	0.01030795000644247	6.600098744518535	0.06803348789608077
http://edamontology.org/topic_3940	Chromosome conformation capture	152	0.004896276253060172	7.674099325962311	0.03757451029333434
http://edamontology.org/topic_0128	Protein interactions	1033	0.033275351114547096	4.909402300540838	0.16336208531306162
http://edamontology.org/topic_3954	Echography	52	0.0016750418760469012	9.221587121264806	0.015446544591733342
http://edamontology.org/topic_0130	Protein folding, stability and design	364	0.011725293132328308	6.414232199207201	0.0752087527545233
http://edamontology.org/topic_0209	Medicinal chemistry	293	0.009438216724648885	6.727269984983649	0.06349343208350113
http://edamontology.org/topic_3336	Drug discovery	932	0.03002190439376369	5.057840694751617	0.15184600977672036
http://edamontology.org/topic_3376	Medicines research and development	1654	0.05327921659579951	4.230283320234623	0.22538618128037838
http://edamontology.org/topic_3371	Synthetic chemistry	336	0.010823347506764593	6.529709416627137	0.0706733141343486
http://edamontology.org/topic_3375	Drug metabolism	232	0.00747326375467079	7.064045844278325	0.05279147776937802
http://edamontology.org/topic_3518	Microarray experiment	970	0.031245973457028734	5.000185902331407	0.15623567598445642
http://edamontology.org/topic_3067	Anatomy	69	0.0022226517201391575	8.813502382627728	0.019589346231198082
http://edamontology.org/topic_3366	Data integration and warehousing	99	0.003189022033243139	8.292670219326288	0.026445508043850745
http://edamontology.org/topic_3500	Zoology	592	0.01906970751191857	5.712573473776947	0.10893710528527101
http://edamontology.org/topic_3385	Light microscopy	65	0.0020938023450586263	8.899659026377442	0.01863412693965126
http://edamontology.org/topic_3569	Applied mathematics	71	0.0022870764076794226	8.772279719901215	0.020062873988950722
http://edamontology.org/topic_3400	Allergy, clinical immunology and immunotherapeutics	138	0.004445303440278315	7.813502382627728	0.03473338902211785
http://edamontology.org/topic_3912	Genetic engineering	69	0.0022226517201391575	8.813502382627728	0.019589346231198082
http://edamontology.org/topic_3297	Biotechnology	327	0.010533436412833398	6.5688800139078145	0.06919287993003014
http://edamontology.org/topic_0202	Pharmacology	389	0.012530601726581625	6.318400494419706	0.07917336014460975
http://edamontology.org/topic_3120	Protein variants	48	0.0015461925009663702	9.33706433868474	0.014436898861514866
http://edamontology.org/topic_3398	Bioengineering	64	0.002061590001288494	8.922026839405897	0.01839356132334678
http://edamontology.org/topic_3298	Phenomics	79	0.0025447751578404846	8.618246091228794	0.021931498557114893
http://edamontology.org/topic_3810	Agricultural science	333	0.010726710475454194	6.542648472334635	0.0701810959054063
http://edamontology.org/topic_2259	Systems biology	561	0.018071124855044453	5.790169878797104	0.10463488281166007
http://edamontology.org/topic_2533	DNA mutation	95	0.003060172658162608	8.35217123107495	0.025559086037627892
http://edamontology.org/topic_2830	Immunoproteins and antigens	463	0.014914315165571446	6.067158456145661	0.09048751337441827
http://edamontology.org/topic_0804	Immunology	693	0.02232315423270197	5.485315297268683	0.12244953939592827
http://edamontology.org/topic_3930	Immunogenetics	143	0.0046063651591289785	7.7621555026275075	0.035755322667044634
http://edamontology.org/topic_3948	Immunoinformatics	63	0.002029377657518361	8.94474691590598	0.018152269543295865
http://edamontology.org/topic_0123	Protein properties	115	0.0037044195335652623	8.076536788461523	0.029918880642735315
http://edamontology.org/topic_3172	Metabolomics	857	0.027605978611003737	5.178875445293397	0.142967924771822
http://edamontology.org/topic_3360	Biomarkers	640	0.02061590001288494	5.600098744518535	0.11545107577927659
http://edamontology.org/topic_3674	Methylated DNA immunoprecipitation	183	0.005894858909934287	7.406327001121855	0.04365925271245005
http://edamontology.org/topic_0084	Phylogeny	1236	0.03981445689988403	4.650563811501523	0.1851596724331878
http://edamontology.org/topic_3334	Neurology	167	0.005379461409612163	7.538322546931845	0.040552115234429136
http://edamontology.org/topic_3408	Haematology	16	0.0005153975003221235	10.922026839405897	0.005629185331480942
http://edamontology.org/topic_3373	Drug development	170	0.005476098440922562	7.512635903268196	0.041139933757105826
http://edamontology.org/topic_3419	Psychiatry	55	0.0017716789073572994	9.140667125881237	0.016194327146098055
http://edamontology.org/topic_3377	Safety sciences	168	0.005411673753382296	7.529709416627137	0.0407483308205566
http://edamontology.org/topic_3379	Preclinical and clinical studies	377	0.012144053601340033	6.363606126137233	0.07727997389362637
http://edamontology.org/topic_0089	Ontology and terminology	650	0.020938023450586266	5.5777309314900805	0.11678666104459968
http://edamontology.org/topic_0208	Pharmacogenomics	110	0.0035433578147145988	8.140667125881237	0.028845296477481512
http://edamontology.org/topic_3399	Geriatric medicine	62	0.0019971653137482283	8.967830529019022	0.017910240072129213
http://edamontology.org/topic_3944	Cladistics	39	0.001256281407035176	9.63662462054365	0.012106312337366395
http://edamontology.org/topic_3068	Literature and language	942	0.030344027831465017	5.042443589793114	0.15300804862727463
http://edamontology.org/topic_2828	X-ray diffraction	134	0.004316454065197784	7.8559376489481245	0.033909794000742455
http://edamontology.org/topic_0085	Functional genomics	113	0.0036399948460249967	8.101847876990709	0.02949068451552474
http://edamontology.org/topic_1775	Function analysis	278	0.008955031568096895	6.80308576668239	0.06092184780111146
http://edamontology.org/topic_3065	Embryology	4	0.00012884937508053087	12.922026839405897	0.0016649950830312972
http://edamontology.org/topic_3064	Developmental biology	23	0.0007408839067130524	10.398464883348884	0.007704055286594007
http://edamontology.org/topic_3679	Animal study	16	0.0005153975003221235	10.922026839405897	0.005629185331480942
http://edamontology.org/topic_3386	Laboratory animal science	30	0.0009663703131039815	10.015136243797379	0.009678330347697505
http://edamontology.org/topic_2840	Toxicology	110	0.0035433578147145988	8.140667125881237	0.028845296477481512
http://edamontology.org/topic_3343	Compound libraries and screening	139	0.004477515784048447	7.80308576668239	0.03493843968460418
http://edamontology.org/topic_3416	Musculoskeletal medicine	26	0.0008375209380234506	10.221587121264806	0.008560793233890121
http://edamontology.org/topic_3332	Computational chemistry	98	0.003156809689473006	8.30731699529069	0.026224618784257425
http://edamontology.org/topic_3575	Tropical medicine	12	0.00038654812524159255	11.33706433868474	0.004382320965861902
http://edamontology.org/topic_0152	Carbohydrates	56	0.001803891251127432	9.114671917348293	0.01644187692860148
http://edamontology.org/topic_3390	Nutritional science	87	0.002802473908001546	8.47908334355717	0.023762409834089476
http://edamontology.org/topic_0820	Membrane and lipoproteins	236	0.0076021131297513206	7.039383790044056	0.05351419193565253
http://edamontology.org/topic_0218	Natural language processing	358	0.011532019069707512	6.438211062141641	0.07424557274341925
http://edamontology.org/topic_3407	Endocrinology and metabolism	546	0.017587939698492462	5.829269698486045	0.1025248439432219
http://edamontology.org/topic_3292	Biochemistry	156	0.005025125628140704	7.636624620543649	0.03837499809318416
http://edamontology.org/topic_3368	Biomaterials	13	0.0004187604690117253	11.221587121264806	0.004699157085956787
http://edamontology.org/topic_3293	Phylogenetics	787	0.025351114547094447	5.301807013898411	0.13440671691592737
http://edamontology.org/topic_3050	Biodiversity	146	0.0047030021904393765	7.73220228052588	0.036364564262233556
http://edamontology.org/topic_3342	Translational medicine	36	0.0011596443757247777	9.752101837963584	0.011308970047889739
http://edamontology.org/topic_3337	Biobank	180	0.005798221878623889	7.430173743076223	0.04308179595908131
http://edamontology.org/topic_3277	Sample collections	366	0.011789717819868574	6.406327001121855	0.07552878760503154
http://edamontology.org/topic_3538	Protein disordered structure	69	0.0022226517201391575	8.813502382627728	0.019589346231198082
http://edamontology.org/topic_3063	Medical informatics	254	0.00818193531761371	6.933342152633731	0.05672815702773378
http://edamontology.org/topic_3523	RNAi experiment	20	0.0006442468754026543	10.600098744518535	0.006829080495115665
http://edamontology.org/topic_3056	Population genetics	340	0.010952196881845124	6.512635903268196	0.07132767063236653
http://edamontology.org/topic_0781	Virology	195	0.00628140703517588	7.314696525656286	0.04594658621643396
http://edamontology.org/topic_3420	Reproductive health	22	0.0007086715629429197	10.4625952207686	0.007414543707541206
http://edamontology.org/topic_0797	Comparative genomics	149	0.0047996392217497744	7.702858318943735	0.036970940907183884
http://edamontology.org/topic_0601	Protein modifications	367	0.011821930163638706	6.402390586562684	0.07568861439468191
http://edamontology.org/topic_3179	ChIP-on-chip	131	0.004219817033887386	7.888603837868446	0.03328846484862667
http://edamontology.org/topic_3372	Software engineering	198	0.006378044066486278	7.292670219326287	0.04651297202121521
http://edamontology.org/topic_3055	Quantitative genetics	43	0.0013851307821157067	9.495762084703799	0.013152872363170446
http://edamontology.org/topic_3957	Protein interaction experiment	89	0.0028668985955418117	8.4462934084395	0.024214666710189264
http://edamontology.org/topic_3422	Urology and nephrology	37	0.0011918567194949105	9.712573473776947	0.01157599595830908
http://edamontology.org/topic_3401	Pain medicine	7	0.000225486406390929	12.114671917348293	0.0027316938352479722
http://edamontology.org/topic_0153	Lipidomics	151	0.00486406390929004	7.683622100080818	0.03737362894962645
http://edamontology.org/topic_3395	Regenerative medicine	30	0.0009663703131039815	10.015136243797379	0.009678330347697505
http://edamontology.org/topic_3934	Cytometry	174	0.005604947816003092	7.479083343557169	0.041919871852175855
http://edamontology.org/topic_3388	Molecular medicine	15	0.00048318515655199073	11.015136243797379	0.005322350330400743
http://edamontology.org/topic_3895	Synthetic biology	64	0.002061590001288494	8.922026839405897	0.01839356132334678
http://edamontology.org/topic_3404	Dermatology	20	0.0006442468754026543	10.600098744518535	0.006829080495115665
http://edamontology.org/topic_3322	Respiratory medicine	36	0.0011596443757247777	9.752101837963584	0.011308970047889739
http://edamontology.org/topic_3423	Complementary medicine	17	0.0005476098440922562	10.834563998155557	0.005933113901837536
http://edamontology.org/topic_3394	Regulatory affairs	2	6.442468754026543e-05	13.922026839405897	0.0008969222290559141
http://edamontology.org/topic_3571	Data governance	23	0.0007408839067130524	10.398464883348884	0.007704055286594007
http://edamontology.org/topic_3370	Analytical chemistry	29	0.0009341579693338488	10.064045844278326	0.0094014086291738
http://edamontology.org/topic_3796	Population genomics	65	0.0020938023450586263	8.899659026377442	0.01863412693965126
http://edamontology.org/topic_0140	Protein targeting and localisation	91	0.002931323283082077	8.4142321992072	0.024664834754794973
http://edamontology.org/topic_3405	Dentistry	7	0.000225486406390929	12.114671917348293	0.0027316938352479722
http://edamontology.org/topic_3519	PCR experiment	135	0.004348666408967916	7.845211242355067	0.034116206600886934
http://edamontology.org/topic_3374	Biotherapeutics	81	0.0026091998453807498	8.582176836521272	0.022392614474881556
http://edamontology.org/topic_3403	Critical care medicine	21	0.000676459219172787	10.529709416627137	0.007122919010087936
http://edamontology.org/topic_3524	Simulation experiment	154	0.004960700940600438	7.6552402987109955	0.037975357750338015
http://edamontology.org/topic_3943	Paleogenomics	22	0.0007086715629429197	10.4625952207686	0.007414543707541206
http://edamontology.org/topic_3410	Gender medicine	3	9.663703131039814e-05	13.33706433868474	0.0012888543040862717
http://edamontology.org/topic_3574	Human genetics	72	0.0023192887514495554	8.752101837963584	0.02029865134432992
http://edamontology.org/topic_3396	Systems medicine	15	0.00048318515655199073	11.015136243797379	0.005322350330400743
http://edamontology.org/topic_3411	Gynaecology and obstetrics	14	0.000450972812781858	11.114671917348293	0.005012414857714086
http://edamontology.org/topic_3369	Chemical biology	26	0.0008375209380234506	10.221587121264806	0.008560793233890121
http://edamontology.org/topic_3406	Ear, nose and throat medicine	6	0.00019327406262079628	12.33706433868474	0.002384434545551747
http://edamontology.org/topic_3302	Parasitology	19	0.0006120345316325215	10.674099325962311	0.006532917381564357
http://edamontology.org/topic_3417	Ophthalmology	7	0.000225486406390929	12.114671917348293	0.0027316938352479722
http://edamontology.org/topic_3418	Paediatrics	41	0.0013207060945754413	9.564474834787813	0.012631860205717702
http://edamontology.org/topic_3955	Fluxomics	26	0.0008375209380234506	10.221587121264806	0.008560793233890121
http://edamontology.org/topic_3570	Pure mathematics	22	0.0007086715629429197	10.4625952207686	0.007414543707541206
http://edamontology.org/topic_3378	Pharmacovigilance	17	0.0005476098440922562	10.834563998155557	0.005933113901837536
http://edamontology.org/topic_3387	Marine biology	24	0.0007730962504831851	10.33706433868474	0.007991545681240619
http://edamontology.org/topic_3922	Proteogenomics	42	0.001352918438345574	9.529709416627137	0.012892919581830298
http://edamontology.org/topic_3393	Quality affairs	40	0.0012884937508053087	9.600098744518535	0.012369667239426022
http://edamontology.org/topic_3448	Neutron diffraction	14	0.000450972812781858	11.114671917348293	0.005012414857714086
http://edamontology.org/topic_3412	Hepatic and biliary medicine	7	0.000225486406390929	12.114671917348293	0.0027316938352479722
http://edamontology.org/topic_3966	Vaccinology	49	0.001578404844736503	9.30731699529069	0.014690714236865215
http://edamontology.org/topic_4013	Antimicrobial resistance	20	0.0006442468754026543	10.600098744518535	0.006829080495115665
http://edamontology.org/topic_4012	FAIR data	27	0.0008697332817935833	10.167139337242428	0.008842699462232494
http://edamontology.org/topic_4010	Open science	37	0.0011918567194949105	9.712573473776947	0.01157599595830908
http://edamontology.org/topic_3974	Epistasis	28	0.000901945625563716	10.114671917348293	0.009122884089864456
http://edamontology.org/topic_4045	Cybersecurity	32	0.001030795000644247	9.922026839405897	0.010227575662317637
http://edamontology.org/topic_3339	Microbial collection	15	0.00048318515655199073	11.015136243797379	0.005322350330400743
http://edamontology.org/topic_3340	Cell culture collection	8	0.00025769875016106174	11.922026839405897	0.003072291415901533
http://edamontology.org/topic_3127	DNA replication and recombination	38	0.001224069063265043	9.674099325962311	0.011841765699863671
http://edamontology.org/topic_3516	Genotyping experiment	44	0.0014173431258858395	9.4625952207686	0.013411744289196573
http://edamontology.org/topic_3958	Copy number variation	64	0.002061590001288494	8.922026839405897	0.01839356132334678
http://edamontology.org/topic_4017	Cryogenic electron microscopy	6	0.00019327406262079628	12.33706433868474	0.002384434545551747
http://edamontology.org/topic_3923	Genome resequencing	13	0.0004187604690117253	11.221587121264806	0.004699157085956787
http://edamontology.org/topic_3409	Gastroenterology	11	0.00035433578147145986	11.4625952207686	0.004061607635242063
http://edamontology.org/topic_4021	Multiomics	75	0.0024159257827599534	8.693208148910017	0.02100214570185064
http://edamontology.org/topic_4028	Single-cell sequencing	69	0.0022226517201391575	8.813502382627728	0.019589346231198082
http://edamontology.org/topic_3397	Veterinary medicine	9	0.00028991109393119443	11.752101837963584	0.0034070646998348234
http://edamontology.org/topic_4027	Ribosome Profiling	7	0.000225486406390929	12.114671917348293	0.0027316938352479722
http://edamontology.org/topic_4038	Metabarcoding	5	0.0001610617188506636	12.600098744518535	0.0020293935614802434
http://edamontology.org/topic_3573	Freshwater biology	6	0.00019327406262079628	12.33706433868474	0.002384434545551747
http://edamontology.org/topic_4020	Carbon cycle	2	6.442468754026543e-05	13.922026839405897	0.0008969222290559141
http://edamontology.org/topic_3414	Trauma medicine	2	6.442468754026543e-05	13.922026839405897	0.0008969222290559141
http://edamontology.org/topic_3945	Molecular evolution	33	0.0010630073444143795	9.877632720047444	0.010499996126838218
http://edamontology.org/topic_3338	Mouse clinic	9	0.00028991109393119443	11.752101837963584	0.0034070646998348234
http://edamontology.org/topic_4030	Microfluidics	2	6.442468754026543e-05	13.922026839405897	0.0008969222290559141
http://edamontology.org/topic_3959	Cytogenetics	5	0.0001610617188506636	12.600098744518535	0.0020293935614802434
http://edamontology.org/topic_3341	Clone library	8	0.00025769875016106174	11.922026839405897	0.003072291415901533
http://edamontology.org/topic_4057	Short-read sequencing	3	9.663703131039814e-05	13.33706433868474	0.0012888543040862717
http://edamontology.org/topic_4056	Long-read sequencing	5	0.0001610617188506636	12.600098744518535	0.0020293935614802434
http://edamontology.org/topic_4014	Electroencephalography	6	0.00019327406262079628	12.33706433868474	0.002384434545551747
http://edamontology.org/topic_4044	Data protection	8	0.00025769875016106174	11.922026839405897	0.003072291415901533
http://edamontology.org/topic_4046	Version control	1	3.221234377013272e-05	14.922026839405897	0.00048067345829808973
http://edamontology.org/topic_4016	Electrocardiography	8	0.00025769875016106174	11.922026839405897	0.003072291415901533
http://edamontology.org/topic_3939	Metabolic engineering	1	3.221234377013272e-05	14.922026839405897	0.00048067345829808973
http://edamontology.org/topic_4011	Data rescue	1	3.221234377013272e-05	14.922026839405897	0.00048067345829808973
http://edamontology.org/topic_3967	Immunomics	8	0.00025769875016106174	11.922026839405897	0.003072291415901533
http://edamontology.org/topic_3576	Medical biotechnology	7	0.000225486406390929	12.114671917348293	0.0027316938352479722
http://edamontology.org/topic_3931	Chemometrics	1	3.221234377013272e-05	14.922026839405897	0.00048067345829808973
http://edamontology.org/topic_4052	Hi-C	5	0.0001610617188506636	12.600098744518535	0.0020293935614802434
http://edamontology.org/topic_4053	ATAC-seq	2	6.442468754026543e-05	13.922026839405897	0.0008969222290559141
